<annotation>
	<folder>images</folder>
	<filename>000093.jpg</filename>
	<path>/home/vini/Desktop/data_300x300/images/000093.jpg</path>
	<source>
		<database>Unknown</database>
	</source>
	<size>
		<width>300</width>
		<height>300</height>
		<depth>3</depth>
	</size>
	<segmented>0</segmented>
	<object>
		<name>punctate reticulocyte</name>
		<pose>Unspecified</pose>
		<truncated>0</truncated>
		<difficult>0</difficult>
		<bndbox>
			<xmin>30</xmin>
			<ymin>152</ymin>
			<xmax>60</xmax>
			<ymax>188</ymax>
		</bndbox>
	</object>
	<object>
		<name>erythrocyte</name>
		<pose>Unspecified</pose>
		<truncated>0</truncated>
		<difficult>0</difficult>
		<bndbox>
			<xmin>220</xmin>
			<ymin>129</ymin>
			<xmax>251</xmax>
			<ymax>165</ymax>
		</bndbox>
	</object>
	<object>
		<name>aggregate reticulocyte</name>
		<pose>Unspecified</pose>
		<truncated>0</truncated>
		<difficult>0</difficult>
		<bndbox>
			<xmin>230</xmin>
			<ymin>165</ymin>
			<xmax>260</xmax>
			<ymax>194</ymax>
		</bndbox>
	</object>
</annotation>
