<annotation>
	<folder>images</folder>
	<filename>000124.jpg</filename>
	<path>/home/vini/Desktop/data_300x300/images/000124.jpg</path>
	<source>
		<database>Unknown</database>
	</source>
	<size>
		<width>300</width>
		<height>300</height>
		<depth>3</depth>
	</size>
	<segmented>0</segmented>
	<object>
		<name>aggregate reticulocyte</name>
		<pose>Unspecified</pose>
		<truncated>0</truncated>
		<difficult>0</difficult>
		<bndbox>
			<xmin>16</xmin>
			<ymin>174</ymin>
			<xmax>53</xmax>
			<ymax>210</ymax>
		</bndbox>
	</object>
	<object>
		<name>punctate reticulocyte</name>
		<pose>Unspecified</pose>
		<truncated>0</truncated>
		<difficult>0</difficult>
		<bndbox>
			<xmin>113</xmin>
			<ymin>178</ymin>
			<xmax>143</xmax>
			<ymax>208</ymax>
		</bndbox>
	</object>
</annotation>
