<annotation>
	<folder>images</folder>
	<filename>000170.jpg</filename>
	<path>/home/vini/Desktop/data_300x300/images/000170.jpg</path>
	<source>
		<database>Unknown</database>
	</source>
	<size>
		<width>300</width>
		<height>300</height>
		<depth>3</depth>
	</size>
	<segmented>0</segmented>
	<object>
		<name>aggregate reticulocyte</name>
		<pose>Unspecified</pose>
		<truncated>0</truncated>
		<difficult>0</difficult>
		<bndbox>
			<xmin>136</xmin>
			<ymin>182</ymin>
			<xmax>171</xmax>
			<ymax>215</ymax>
		</bndbox>
	</object>
	<object>
		<name>erythrocyte</name>
		<pose>Unspecified</pose>
		<truncated>0</truncated>
		<difficult>0</difficult>
		<bndbox>
			<xmin>8</xmin>
			<ymin>175</ymin>
			<xmax>37</xmax>
			<ymax>204</ymax>
		</bndbox>
	</object>
	<object>
		<name>punctate reticulocyte</name>
		<pose>Unspecified</pose>
		<truncated>0</truncated>
		<difficult>0</difficult>
		<bndbox>
			<xmin>214</xmin>
			<ymin>148</ymin>
			<xmax>249</xmax>
			<ymax>183</ymax>
		</bndbox>
	</object>
</annotation>
