<annotation>
	<folder>images</folder>
	<filename>000182.jpg</filename>
	<path>/home/vini/Desktop/data_300x300/images/000182.jpg</path>
	<source>
		<database>Unknown</database>
	</source>
	<size>
		<width>300</width>
		<height>300</height>
		<depth>3</depth>
	</size>
	<segmented>0</segmented>
	<object>
		<name>erythrocyte</name>
		<pose>Unspecified</pose>
		<truncated>0</truncated>
		<difficult>0</difficult>
		<bndbox>
			<xmin>33</xmin>
			<ymin>175</ymin>
			<xmax>70</xmax>
			<ymax>208</ymax>
		</bndbox>
	</object>
	<object>
		<name>aggregate reticulocyte</name>
		<pose>Unspecified</pose>
		<truncated>0</truncated>
		<difficult>0</difficult>
		<bndbox>
			<xmin>138</xmin>
			<ymin>154</ymin>
			<xmax>170</xmax>
			<ymax>184</ymax>
		</bndbox>
	</object>
	<object>
		<name>erythrocyte</name>
		<pose>Unspecified</pose>
		<truncated>0</truncated>
		<difficult>0</difficult>
		<bndbox>
			<xmin>164</xmin>
			<ymin>169</ymin>
			<xmax>204</xmax>
			<ymax>210</ymax>
		</bndbox>
	</object>
</annotation>
