<annotation>
	<folder>images</folder>
	<filename>000135.jpg</filename>
	<path>/home/vini/Desktop/data_300x300/images/000135.jpg</path>
	<source>
		<database>Unknown</database>
	</source>
	<size>
		<width>300</width>
		<height>300</height>
		<depth>3</depth>
	</size>
	<segmented>0</segmented>
	<object>
		<name>erythrocyte</name>
		<pose>Unspecified</pose>
		<truncated>0</truncated>
		<difficult>0</difficult>
		<bndbox>
			<xmin>101</xmin>
			<ymin>109</ymin>
			<xmax>131</xmax>
			<ymax>138</ymax>
		</bndbox>
	</object>
	<object>
		<name>aggregate reticulocyte</name>
		<pose>Unspecified</pose>
		<truncated>0</truncated>
		<difficult>0</difficult>
		<bndbox>
			<xmin>125</xmin>
			<ymin>128</ymin>
			<xmax>157</xmax>
			<ymax>159</ymax>
		</bndbox>
	</object>
</annotation>
