<annotation>
	<folder>images</folder>
	<filename>000219.jpg</filename>
	<path>/home/vini/Desktop/data_300x300/images/000219.jpg</path>
	<source>
		<database>Unknown</database>
	</source>
	<size>
		<width>300</width>
		<height>300</height>
		<depth>3</depth>
	</size>
	<segmented>0</segmented>
	<object>
		<name>aggregate reticulocyte</name>
		<pose>Unspecified</pose>
		<truncated>0</truncated>
		<difficult>0</difficult>
		<bndbox>
			<xmin>110</xmin>
			<ymin>136</ymin>
			<xmax>146</xmax>
			<ymax>171</ymax>
		</bndbox>
	</object>
	<object>
		<name>erythrocyte</name>
		<pose>Unspecified</pose>
		<truncated>0</truncated>
		<difficult>0</difficult>
		<bndbox>
			<xmin>136</xmin>
			<ymin>164</ymin>
			<xmax>163</xmax>
			<ymax>192</ymax>
		</bndbox>
	</object>
</annotation>
