<annotation>
	<folder>images</folder>
	<filename>000241.jpg</filename>
	<path>/home/vini/Desktop/data_300x300/images/000241.jpg</path>
	<source>
		<database>Unknown</database>
	</source>
	<size>
		<width>300</width>
		<height>300</height>
		<depth>3</depth>
	</size>
	<segmented>0</segmented>
	<object>
		<name>aggregate reticulocyte</name>
		<pose>Unspecified</pose>
		<truncated>0</truncated>
		<difficult>0</difficult>
		<bndbox>
			<xmin>107</xmin>
			<ymin>150</ymin>
			<xmax>141</xmax>
			<ymax>182</ymax>
		</bndbox>
	</object>
	<object>
		<name>punctate reticulocyte</name>
		<pose>Unspecified</pose>
		<truncated>0</truncated>
		<difficult>0</difficult>
		<bndbox>
			<xmin>48</xmin>
			<ymin>99</ymin>
			<xmax>81</xmax>
			<ymax>127</ymax>
		</bndbox>
	</object>
	<object>
		<name>erythrocyte</name>
		<pose>Unspecified</pose>
		<truncated>0</truncated>
		<difficult>0</difficult>
		<bndbox>
			<xmin>52</xmin>
			<ymin>69</ymin>
			<xmax>86</xmax>
			<ymax>98</ymax>
		</bndbox>
	</object>
</annotation>
