<annotation>
	<folder>images</folder>
	<filename>000292.jpg</filename>
	<path>/home/vini/Desktop/data_300x300/images/000292.jpg</path>
	<source>
		<database>Unknown</database>
	</source>
	<size>
		<width>300</width>
		<height>300</height>
		<depth>3</depth>
	</size>
	<segmented>0</segmented>
	<object>
		<name>aggregate reticulocyte</name>
		<pose>Unspecified</pose>
		<truncated>0</truncated>
		<difficult>0</difficult>
		<bndbox>
			<xmin>97</xmin>
			<ymin>73</ymin>
			<xmax>132</xmax>
			<ymax>107</ymax>
		</bndbox>
	</object>
</annotation>
