<annotation>
	<folder>images</folder>
	<filename>000234.jpg</filename>
	<path>/home/vini/Desktop/data_300x300/images/000234.jpg</path>
	<source>
		<database>Unknown</database>
	</source>
	<size>
		<width>300</width>
		<height>300</height>
		<depth>3</depth>
	</size>
	<segmented>0</segmented>
	<object>
		<name>aggregate reticulocyte</name>
		<pose>Unspecified</pose>
		<truncated>0</truncated>
		<difficult>0</difficult>
		<bndbox>
			<xmin>90</xmin>
			<ymin>153</ymin>
			<xmax>120</xmax>
			<ymax>181</ymax>
		</bndbox>
	</object>
	<object>
		<name>punctate reticulocyte</name>
		<pose>Unspecified</pose>
		<truncated>0</truncated>
		<difficult>0</difficult>
		<bndbox>
			<xmin>165</xmin>
			<ymin>103</ymin>
			<xmax>198</xmax>
			<ymax>137</ymax>
		</bndbox>
	</object>
</annotation>
