<annotation>
	<folder>images</folder>
	<filename>000213.jpg</filename>
	<path>/home/vini/Desktop/data_300x300/images/000213.jpg</path>
	<source>
		<database>Unknown</database>
	</source>
	<size>
		<width>300</width>
		<height>300</height>
		<depth>3</depth>
	</size>
	<segmented>0</segmented>
	<object>
		<name>aggregate reticulocyte</name>
		<pose>Unspecified</pose>
		<truncated>0</truncated>
		<difficult>0</difficult>
		<bndbox>
			<xmin>110</xmin>
			<ymin>94</ymin>
			<xmax>144</xmax>
			<ymax>127</ymax>
		</bndbox>
	</object>
	<object>
		<name>erythrocyte</name>
		<pose>Unspecified</pose>
		<truncated>0</truncated>
		<difficult>0</difficult>
		<bndbox>
			<xmin>38</xmin>
			<ymin>163</ymin>
			<xmax>69</xmax>
			<ymax>194</ymax>
		</bndbox>
	</object>
</annotation>
