<annotation>
	<folder>images</folder>
	<filename>000230.jpg</filename>
	<path>/home/vini/Desktop/data_300x300/images/000230.jpg</path>
	<source>
		<database>Unknown</database>
	</source>
	<size>
		<width>300</width>
		<height>300</height>
		<depth>3</depth>
	</size>
	<segmented>0</segmented>
	<object>
		<name>aggregate reticulocyte</name>
		<pose>Unspecified</pose>
		<truncated>0</truncated>
		<difficult>0</difficult>
		<bndbox>
			<xmin>131</xmin>
			<ymin>148</ymin>
			<xmax>164</xmax>
			<ymax>181</ymax>
		</bndbox>
	</object>
	<object>
		<name>erythrocyte</name>
		<pose>Unspecified</pose>
		<truncated>0</truncated>
		<difficult>0</difficult>
		<bndbox>
			<xmin>87</xmin>
			<ymin>112</ymin>
			<xmax>118</xmax>
			<ymax>143</ymax>
		</bndbox>
	</object>
	<object>
		<name>erythrocyte</name>
		<pose>Unspecified</pose>
		<truncated>0</truncated>
		<difficult>0</difficult>
		<bndbox>
			<xmin>217</xmin>
			<ymin>105</ymin>
			<xmax>250</xmax>
			<ymax>141</ymax>
		</bndbox>
	</object>
</annotation>
