<annotation>
	<folder>images</folder>
	<filename>000242.jpg</filename>
	<path>/home/vini/Desktop/data_300x300/images/000242.jpg</path>
	<source>
		<database>Unknown</database>
	</source>
	<size>
		<width>300</width>
		<height>300</height>
		<depth>3</depth>
	</size>
	<segmented>0</segmented>
	<object>
		<name>erythrocyte</name>
		<pose>Unspecified</pose>
		<truncated>0</truncated>
		<difficult>0</difficult>
		<bndbox>
			<xmin>63</xmin>
			<ymin>107</ymin>
			<xmax>94</xmax>
			<ymax>136</ymax>
		</bndbox>
	</object>
	<object>
		<name>aggregate reticulocyte</name>
		<pose>Unspecified</pose>
		<truncated>0</truncated>
		<difficult>0</difficult>
		<bndbox>
			<xmin>90</xmin>
			<ymin>122</ymin>
			<xmax>121</xmax>
			<ymax>152</ymax>
		</bndbox>
	</object>
</annotation>
