<annotation>
	<folder>images</folder>
	<filename>000239.jpg</filename>
	<path>/home/vini/Desktop/data_300x300/images/000239.jpg</path>
	<source>
		<database>Unknown</database>
	</source>
	<size>
		<width>300</width>
		<height>300</height>
		<depth>3</depth>
	</size>
	<segmented>0</segmented>
	<object>
		<name>aggregate reticulocyte</name>
		<pose>Unspecified</pose>
		<truncated>0</truncated>
		<difficult>0</difficult>
		<bndbox>
			<xmin>79</xmin>
			<ymin>127</ymin>
			<xmax>115</xmax>
			<ymax>163</ymax>
		</bndbox>
	</object>
	<object>
		<name>erythrocyte</name>
		<pose>Unspecified</pose>
		<truncated>0</truncated>
		<difficult>0</difficult>
		<bndbox>
			<xmin>198</xmin>
			<ymin>65</ymin>
			<xmax>231</xmax>
			<ymax>98</ymax>
		</bndbox>
	</object>
</annotation>
