<annotation>
	<folder>images</folder>
	<filename>000251.jpg</filename>
	<path>/home/vini/Desktop/data_300x300/images/000251.jpg</path>
	<source>
		<database>Unknown</database>
	</source>
	<size>
		<width>300</width>
		<height>300</height>
		<depth>3</depth>
	</size>
	<segmented>0</segmented>
	<object>
		<name>aggregate reticulocyte</name>
		<pose>Unspecified</pose>
		<truncated>0</truncated>
		<difficult>0</difficult>
		<bndbox>
			<xmin>57</xmin>
			<ymin>145</ymin>
			<xmax>89</xmax>
			<ymax>175</ymax>
		</bndbox>
	</object>
	<object>
		<name>punctate reticulocyte</name>
		<pose>Unspecified</pose>
		<truncated>1</truncated>
		<difficult>0</difficult>
		<bndbox>
			<xmin>266</xmin>
			<ymin>156</ymin>
			<xmax>300</xmax>
			<ymax>189</ymax>
		</bndbox>
	</object>
</annotation>
