<annotation>
	<folder>images</folder>
	<filename>000236.jpg</filename>
	<path>/home/vini/Desktop/data_300x300/images/000236.jpg</path>
	<source>
		<database>Unknown</database>
	</source>
	<size>
		<width>300</width>
		<height>300</height>
		<depth>3</depth>
	</size>
	<segmented>0</segmented>
	<object>
		<name>aggregate reticulocyte</name>
		<pose>Unspecified</pose>
		<truncated>0</truncated>
		<difficult>0</difficult>
		<bndbox>
			<xmin>94</xmin>
			<ymin>136</ymin>
			<xmax>132</xmax>
			<ymax>172</ymax>
		</bndbox>
	</object>
	<object>
		<name>erythrocyte</name>
		<pose>Unspecified</pose>
		<truncated>0</truncated>
		<difficult>0</difficult>
		<bndbox>
			<xmin>135</xmin>
			<ymin>190</ymin>
			<xmax>165</xmax>
			<ymax>222</ymax>
		</bndbox>
	</object>
	<object>
		<name>erythrocyte</name>
		<pose>Unspecified</pose>
		<truncated>0</truncated>
		<difficult>0</difficult>
		<bndbox>
			<xmin>151</xmin>
			<ymin>176</ymin>
			<xmax>186</xmax>
			<ymax>211</ymax>
		</bndbox>
	</object>
</annotation>
