<annotation>
	<folder>images</folder>
	<filename>000204.jpg</filename>
	<path>/home/vini/Desktop/data_300x300/images/000204.jpg</path>
	<source>
		<database>Unknown</database>
	</source>
	<size>
		<width>300</width>
		<height>300</height>
		<depth>3</depth>
	</size>
	<segmented>0</segmented>
	<object>
		<name>aggregate reticulocyte</name>
		<pose>Unspecified</pose>
		<truncated>0</truncated>
		<difficult>0</difficult>
		<bndbox>
			<xmin>101</xmin>
			<ymin>137</ymin>
			<xmax>135</xmax>
			<ymax>172</ymax>
		</bndbox>
	</object>
	<object>
		<name>erythrocyte</name>
		<pose>Unspecified</pose>
		<truncated>0</truncated>
		<difficult>0</difficult>
		<bndbox>
			<xmin>10</xmin>
			<ymin>205</ymin>
			<xmax>43</xmax>
			<ymax>234</ymax>
		</bndbox>
	</object>
</annotation>
