<annotation>
	<folder>images</folder>
	<filename>000367.jpg</filename>
	<path>/home/vini/Desktop/data_300x300/images/000367.jpg</path>
	<source>
		<database>Unknown</database>
	</source>
	<size>
		<width>300</width>
		<height>300</height>
		<depth>3</depth>
	</size>
	<segmented>0</segmented>
	<object>
		<name>punctate reticulocyte</name>
		<pose>Unspecified</pose>
		<truncated>0</truncated>
		<difficult>0</difficult>
		<bndbox>
			<xmin>95</xmin>
			<ymin>150</ymin>
			<xmax>127</xmax>
			<ymax>182</ymax>
		</bndbox>
	</object>
</annotation>
