<annotation>
	<folder>images</folder>
	<filename>000384.jpg</filename>
	<path>/home/vini/Desktop/data_300x300/images/000384.jpg</path>
	<source>
		<database>Unknown</database>
	</source>
	<size>
		<width>300</width>
		<height>300</height>
		<depth>3</depth>
	</size>
	<segmented>0</segmented>
	<object>
		<name>aggregate reticulocyte</name>
		<pose>Unspecified</pose>
		<truncated>0</truncated>
		<difficult>0</difficult>
		<bndbox>
			<xmin>103</xmin>
			<ymin>154</ymin>
			<xmax>137</xmax>
			<ymax>187</ymax>
		</bndbox>
	</object>
	<object>
		<name>erythrocyte</name>
		<pose>Unspecified</pose>
		<truncated>0</truncated>
		<difficult>0</difficult>
		<bndbox>
			<xmin>157</xmin>
			<ymin>150</ymin>
			<xmax>189</xmax>
			<ymax>183</ymax>
		</bndbox>
	</object>
</annotation>
