<annotation>
	<folder>images</folder>
	<filename>000306.jpg</filename>
	<path>/home/vini/Desktop/data_300x300/images/000306.jpg</path>
	<source>
		<database>Unknown</database>
	</source>
	<size>
		<width>300</width>
		<height>300</height>
		<depth>3</depth>
	</size>
	<segmented>0</segmented>
	<object>
		<name>punctate reticulocyte</name>
		<pose>Unspecified</pose>
		<truncated>0</truncated>
		<difficult>0</difficult>
		<bndbox>
			<xmin>92</xmin>
			<ymin>154</ymin>
			<xmax>126</xmax>
			<ymax>190</ymax>
		</bndbox>
	</object>
	<object>
		<name>erythrocyte</name>
		<pose>Unspecified</pose>
		<truncated>0</truncated>
		<difficult>0</difficult>
		<bndbox>
			<xmin>134</xmin>
			<ymin>159</ymin>
			<xmax>166</xmax>
			<ymax>200</ymax>
		</bndbox>
	</object>
</annotation>
