<annotation>
	<folder>images</folder>
	<filename>000388.jpg</filename>
	<path>/home/vini/Desktop/data_300x300/images/000388.jpg</path>
	<source>
		<database>Unknown</database>
	</source>
	<size>
		<width>300</width>
		<height>300</height>
		<depth>3</depth>
	</size>
	<segmented>0</segmented>
	<object>
		<name>aggregate reticulocyte</name>
		<pose>Unspecified</pose>
		<truncated>0</truncated>
		<difficult>0</difficult>
		<bndbox>
			<xmin>81</xmin>
			<ymin>105</ymin>
			<xmax>116</xmax>
			<ymax>140</ymax>
		</bndbox>
	</object>
	<object>
		<name>erythrocyte</name>
		<pose>Unspecified</pose>
		<truncated>0</truncated>
		<difficult>0</difficult>
		<bndbox>
			<xmin>22</xmin>
			<ymin>180</ymin>
			<xmax>52</xmax>
			<ymax>211</ymax>
		</bndbox>
	</object>
	<object>
		<name>erythrocyte</name>
		<pose>Unspecified</pose>
		<truncated>0</truncated>
		<difficult>0</difficult>
		<bndbox>
			<xmin>185</xmin>
			<ymin>202</ymin>
			<xmax>217</xmax>
			<ymax>231</ymax>
		</bndbox>
	</object>
</annotation>
