<annotation>
	<folder>images</folder>
	<filename>000365.jpg</filename>
	<path>/home/vini/Desktop/data_300x300/images/000365.jpg</path>
	<source>
		<database>Unknown</database>
	</source>
	<size>
		<width>300</width>
		<height>300</height>
		<depth>3</depth>
	</size>
	<segmented>0</segmented>
	<object>
		<name>punctate reticulocyte</name>
		<pose>Unspecified</pose>
		<truncated>0</truncated>
		<difficult>0</difficult>
		<bndbox>
			<xmin>170</xmin>
			<ymin>155</ymin>
			<xmax>204</xmax>
			<ymax>188</ymax>
		</bndbox>
	</object>
	<object>
		<name>erythrocyte</name>
		<pose>Unspecified</pose>
		<truncated>0</truncated>
		<difficult>0</difficult>
		<bndbox>
			<xmin>138</xmin>
			<ymin>170</ymin>
			<xmax>171</xmax>
			<ymax>202</ymax>
		</bndbox>
	</object>
</annotation>
