<annotation>
	<folder>images</folder>
	<filename>000398.jpg</filename>
	<path>/home/vini/Desktop/data_300x300/images/000398.jpg</path>
	<source>
		<database>Unknown</database>
	</source>
	<size>
		<width>300</width>
		<height>300</height>
		<depth>3</depth>
	</size>
	<segmented>0</segmented>
	<object>
		<name>aggregate reticulocyte</name>
		<pose>Unspecified</pose>
		<truncated>0</truncated>
		<difficult>0</difficult>
		<bndbox>
			<xmin>88</xmin>
			<ymin>192</ymin>
			<xmax>121</xmax>
			<ymax>223</ymax>
		</bndbox>
	</object>
	<object>
		<name>punctate reticulocyte</name>
		<pose>Unspecified</pose>
		<truncated>0</truncated>
		<difficult>0</difficult>
		<bndbox>
			<xmin>224</xmin>
			<ymin>150</ymin>
			<xmax>259</xmax>
			<ymax>186</ymax>
		</bndbox>
	</object>
	<object>
		<name>erythrocyte</name>
		<pose>Unspecified</pose>
		<truncated>1</truncated>
		<difficult>0</difficult>
		<bndbox>
			<xmin>269</xmin>
			<ymin>168</ymin>
			<xmax>300</xmax>
			<ymax>200</ymax>
		</bndbox>
	</object>
	<object>
		<name>erythrocyte</name>
		<pose>Unspecified</pose>
		<truncated>0</truncated>
		<difficult>0</difficult>
		<bndbox>
			<xmin>98</xmin>
			<ymin>109</ymin>
			<xmax>128</xmax>
			<ymax>136</ymax>
		</bndbox>
	</object>
	<object>
		<name>erythrocyte</name>
		<pose>Unspecified</pose>
		<truncated>0</truncated>
		<difficult>0</difficult>
		<bndbox>
			<xmin>116</xmin>
			<ymin>79</ymin>
			<xmax>149</xmax>
			<ymax>112</ymax>
		</bndbox>
	</object>
</annotation>
