<annotation>
	<folder>images</folder>
	<filename>000406.jpg</filename>
	<path>/home/vini/Desktop/data_300x300/images/000406.jpg</path>
	<source>
		<database>Unknown</database>
	</source>
	<size>
		<width>300</width>
		<height>300</height>
		<depth>3</depth>
	</size>
	<segmented>0</segmented>
	<object>
		<name>aggregate reticulocyte</name>
		<pose>Unspecified</pose>
		<truncated>0</truncated>
		<difficult>0</difficult>
		<bndbox>
			<xmin>72</xmin>
			<ymin>188</ymin>
			<xmax>100</xmax>
			<ymax>214</ymax>
		</bndbox>
	</object>
	<object>
		<name>erythrocyte</name>
		<pose>Unspecified</pose>
		<truncated>0</truncated>
		<difficult>0</difficult>
		<bndbox>
			<xmin>123</xmin>
			<ymin>185</ymin>
			<xmax>154</xmax>
			<ymax>222</ymax>
		</bndbox>
	</object>
</annotation>
