<annotation>
	<folder>images</folder>
	<filename>000468.jpg</filename>
	<path>/home/vini/Desktop/data_300x300/images/000468.jpg</path>
	<source>
		<database>Unknown</database>
	</source>
	<size>
		<width>300</width>
		<height>300</height>
		<depth>3</depth>
	</size>
	<segmented>0</segmented>
	<object>
		<name>punctate reticulocyte</name>
		<pose>Unspecified</pose>
		<truncated>0</truncated>
		<difficult>0</difficult>
		<bndbox>
			<xmin>73</xmin>
			<ymin>99</ymin>
			<xmax>107</xmax>
			<ymax>134</ymax>
		</bndbox>
	</object>
	<object>
		<name>punctate reticulocyte</name>
		<pose>Unspecified</pose>
		<truncated>0</truncated>
		<difficult>0</difficult>
		<bndbox>
			<xmin>102</xmin>
			<ymin>109</ymin>
			<xmax>135</xmax>
			<ymax>145</ymax>
		</bndbox>
	</object>
</annotation>
