<annotation>
	<folder>images</folder>
	<filename>000422.jpg</filename>
	<path>/home/vini/Desktop/data_300x300/images/000422.jpg</path>
	<source>
		<database>Unknown</database>
	</source>
	<size>
		<width>300</width>
		<height>300</height>
		<depth>3</depth>
	</size>
	<segmented>0</segmented>
	<object>
		<name>aggregate reticulocyte</name>
		<pose>Unspecified</pose>
		<truncated>0</truncated>
		<difficult>0</difficult>
		<bndbox>
			<xmin>177</xmin>
			<ymin>143</ymin>
			<xmax>207</xmax>
			<ymax>173</ymax>
		</bndbox>
	</object>
	<object>
		<name>erythrocyte</name>
		<pose>Unspecified</pose>
		<truncated>0</truncated>
		<difficult>0</difficult>
		<bndbox>
			<xmin>242</xmin>
			<ymin>200</ymin>
			<xmax>271</xmax>
			<ymax>231</ymax>
		</bndbox>
	</object>
</annotation>
