<annotation>
	<folder>images</folder>
	<filename>000477.jpg</filename>
	<path>/home/vini/Desktop/data_300x300/images/000477.jpg</path>
	<source>
		<database>Unknown</database>
	</source>
	<size>
		<width>300</width>
		<height>300</height>
		<depth>3</depth>
	</size>
	<segmented>0</segmented>
	<object>
		<name>punctate reticulocyte</name>
		<pose>Unspecified</pose>
		<truncated>0</truncated>
		<difficult>0</difficult>
		<bndbox>
			<xmin>144</xmin>
			<ymin>97</ymin>
			<xmax>179</xmax>
			<ymax>131</ymax>
		</bndbox>
	</object>
	<object>
		<name>punctate reticulocyte</name>
		<pose>Unspecified</pose>
		<truncated>0</truncated>
		<difficult>0</difficult>
		<bndbox>
			<xmin>234</xmin>
			<ymin>67</ymin>
			<xmax>266</xmax>
			<ymax>96</ymax>
		</bndbox>
	</object>
</annotation>
