<annotation>
	<folder>images</folder>
	<filename>000423.jpg</filename>
	<path>/home/vini/Desktop/data_300x300/images/000423.jpg</path>
	<source>
		<database>Unknown</database>
	</source>
	<size>
		<width>300</width>
		<height>300</height>
		<depth>3</depth>
	</size>
	<segmented>0</segmented>
	<object>
		<name>aggregate reticulocyte</name>
		<pose>Unspecified</pose>
		<truncated>0</truncated>
		<difficult>0</difficult>
		<bndbox>
			<xmin>191</xmin>
			<ymin>172</ymin>
			<xmax>226</xmax>
			<ymax>207</ymax>
		</bndbox>
	</object>
	<object>
		<name>erythrocyte</name>
		<pose>Unspecified</pose>
		<truncated>0</truncated>
		<difficult>0</difficult>
		<bndbox>
			<xmin>152</xmin>
			<ymin>188</ymin>
			<xmax>187</xmax>
			<ymax>219</ymax>
		</bndbox>
	</object>
</annotation>
