<annotation>
	<folder>images</folder>
	<filename>000447.jpg</filename>
	<path>/home/vini/Desktop/data_300x300/images/000447.jpg</path>
	<source>
		<database>Unknown</database>
	</source>
	<size>
		<width>300</width>
		<height>300</height>
		<depth>3</depth>
	</size>
	<segmented>0</segmented>
	<object>
		<name>punctate reticulocyte</name>
		<pose>Unspecified</pose>
		<truncated>0</truncated>
		<difficult>0</difficult>
		<bndbox>
			<xmin>98</xmin>
			<ymin>130</ymin>
			<xmax>132</xmax>
			<ymax>165</ymax>
		</bndbox>
	</object>
	<object>
		<name>aggregate reticulocyte</name>
		<pose>Unspecified</pose>
		<truncated>0</truncated>
		<difficult>0</difficult>
		<bndbox>
			<xmin>131</xmin>
			<ymin>140</ymin>
			<xmax>168</xmax>
			<ymax>179</ymax>
		</bndbox>
	</object>
</annotation>
