<annotation>
	<folder>images</folder>
	<filename>000482.jpg</filename>
	<path>/home/vini/Desktop/data_300x300/images/000482.jpg</path>
	<source>
		<database>Unknown</database>
	</source>
	<size>
		<width>300</width>
		<height>300</height>
		<depth>3</depth>
	</size>
	<segmented>0</segmented>
	<object>
		<name>punctate reticulocyte</name>
		<pose>Unspecified</pose>
		<truncated>0</truncated>
		<difficult>0</difficult>
		<bndbox>
			<xmin>60</xmin>
			<ymin>143</ymin>
			<xmax>99</xmax>
			<ymax>177</ymax>
		</bndbox>
	</object>
	<object>
		<name>punctate reticulocyte</name>
		<pose>Unspecified</pose>
		<truncated>0</truncated>
		<difficult>0</difficult>
		<bndbox>
			<xmin>73</xmin>
			<ymin>168</ymin>
			<xmax>113</xmax>
			<ymax>204</ymax>
		</bndbox>
	</object>
</annotation>
