<annotation>
	<folder>images</folder>
	<filename>000491.jpg</filename>
	<path>/home/vini/Desktop/data_300x300/images/000491.jpg</path>
	<source>
		<database>Unknown</database>
	</source>
	<size>
		<width>300</width>
		<height>300</height>
		<depth>3</depth>
	</size>
	<segmented>0</segmented>
	<object>
		<name>aggregate reticulocyte</name>
		<pose>Unspecified</pose>
		<truncated>0</truncated>
		<difficult>0</difficult>
		<bndbox>
			<xmin>93</xmin>
			<ymin>146</ymin>
			<xmax>128</xmax>
			<ymax>180</ymax>
		</bndbox>
	</object>
	<object>
		<name>erythrocyte</name>
		<pose>Unspecified</pose>
		<truncated>1</truncated>
		<difficult>0</difficult>
		<bndbox>
			<xmin>270</xmin>
			<ymin>171</ymin>
			<xmax>300</xmax>
			<ymax>202</ymax>
		</bndbox>
	</object>
</annotation>
