<annotation>
	<folder>images</folder>
	<filename>000593.jpg</filename>
	<path>/home/vini/Desktop/data_300x300/images/000593.jpg</path>
	<source>
		<database>Unknown</database>
	</source>
	<size>
		<width>300</width>
		<height>300</height>
		<depth>3</depth>
	</size>
	<segmented>0</segmented>
	<object>
		<name>erythrocyte</name>
		<pose>Unspecified</pose>
		<truncated>1</truncated>
		<difficult>0</difficult>
		<bndbox>
			<xmin>53</xmin>
			<ymin>1</ymin>
			<xmax>102</xmax>
			<ymax>46</ymax>
		</bndbox>
	</object>
	<object>
		<name>erythrocyte</name>
		<pose>Unspecified</pose>
		<truncated>0</truncated>
		<difficult>0</difficult>
		<bndbox>
			<xmin>83</xmin>
			<ymin>190</ymin>
			<xmax>133</xmax>
			<ymax>243</ymax>
		</bndbox>
	</object>
</annotation>
