<annotation>
	<folder>images</folder>
	<filename>000592.jpg</filename>
	<path>/home/vini/Desktop/data_300x300/images/000592.jpg</path>
	<source>
		<database>Unknown</database>
	</source>
	<size>
		<width>300</width>
		<height>300</height>
		<depth>3</depth>
	</size>
	<segmented>0</segmented>
	<object>
		<name>aggregate reticulocyte</name>
		<pose>Unspecified</pose>
		<truncated>0</truncated>
		<difficult>0</difficult>
		<bndbox>
			<xmin>75</xmin>
			<ymin>43</ymin>
			<xmax>121</xmax>
			<ymax>87</ymax>
		</bndbox>
	</object>
	<object>
		<name>erythrocyte</name>
		<pose>Unspecified</pose>
		<truncated>0</truncated>
		<difficult>0</difficult>
		<bndbox>
			<xmin>92</xmin>
			<ymin>89</ymin>
			<xmax>135</xmax>
			<ymax>129</ymax>
		</bndbox>
	</object>
	<object>
		<name>erythrocyte</name>
		<pose>Unspecified</pose>
		<truncated>0</truncated>
		<difficult>0</difficult>
		<bndbox>
			<xmin>78</xmin>
			<ymin>146</ymin>
			<xmax>122</xmax>
			<ymax>190</ymax>
		</bndbox>
	</object>
</annotation>
