<annotation>
	<folder>images</folder>
	<filename>000522.jpg</filename>
	<path>/home/vini/Desktop/data_300x300/images/000522.jpg</path>
	<source>
		<database>Unknown</database>
	</source>
	<size>
		<width>300</width>
		<height>300</height>
		<depth>3</depth>
	</size>
	<segmented>0</segmented>
	<object>
		<name>aggregate reticulocyte</name>
		<pose>Unspecified</pose>
		<truncated>0</truncated>
		<difficult>0</difficult>
		<bndbox>
			<xmin>168</xmin>
			<ymin>173</ymin>
			<xmax>206</xmax>
			<ymax>211</ymax>
		</bndbox>
	</object>
	<object>
		<name>erythrocyte</name>
		<pose>Unspecified</pose>
		<truncated>0</truncated>
		<difficult>0</difficult>
		<bndbox>
			<xmin>190</xmin>
			<ymin>158</ymin>
			<xmax>223</xmax>
			<ymax>191</ymax>
		</bndbox>
	</object>
	<object>
		<name>erythrocyte</name>
		<pose>Unspecified</pose>
		<truncated>0</truncated>
		<difficult>0</difficult>
		<bndbox>
			<xmin>262</xmin>
			<ymin>65</ymin>
			<xmax>296</xmax>
			<ymax>97</ymax>
		</bndbox>
	</object>
</annotation>
