<annotation>
	<folder>images</folder>
	<filename>000567.jpg</filename>
	<path>/home/vini/Desktop/data_300x300/images/000567.jpg</path>
	<source>
		<database>Unknown</database>
	</source>
	<size>
		<width>300</width>
		<height>300</height>
		<depth>3</depth>
	</size>
	<segmented>0</segmented>
	<object>
		<name>aggregate reticulocyte</name>
		<pose>Unspecified</pose>
		<truncated>0</truncated>
		<difficult>0</difficult>
		<bndbox>
			<xmin>5</xmin>
			<ymin>94</ymin>
			<xmax>48</xmax>
			<ymax>136</ymax>
		</bndbox>
	</object>
	<object>
		<name>erythrocyte</name>
		<pose>Unspecified</pose>
		<truncated>0</truncated>
		<difficult>0</difficult>
		<bndbox>
			<xmin>244</xmin>
			<ymin>70</ymin>
			<xmax>292</xmax>
			<ymax>113</ymax>
		</bndbox>
	</object>
</annotation>
