<annotation>
	<folder>images</folder>
	<filename>000597.jpg</filename>
	<path>/home/vini/Desktop/data_300x300/images/000597.jpg</path>
	<source>
		<database>Unknown</database>
	</source>
	<size>
		<width>300</width>
		<height>300</height>
		<depth>3</depth>
	</size>
	<segmented>0</segmented>
	<object>
		<name>erythrocyte</name>
		<pose>Unspecified</pose>
		<truncated>0</truncated>
		<difficult>0</difficult>
		<bndbox>
			<xmin>8</xmin>
			<ymin>74</ymin>
			<xmax>47</xmax>
			<ymax>118</ymax>
		</bndbox>
	</object>
	<object>
		<name>aggregate reticulocyte</name>
		<pose>Unspecified</pose>
		<truncated>0</truncated>
		<difficult>0</difficult>
		<bndbox>
			<xmin>226</xmin>
			<ymin>67</ymin>
			<xmax>267</xmax>
			<ymax>108</ymax>
		</bndbox>
	</object>
</annotation>
