<annotation>
	<folder>images</folder>
	<filename>000579.jpg</filename>
	<path>/home/vini/Desktop/data_300x300/images/000579.jpg</path>
	<source>
		<database>Unknown</database>
	</source>
	<size>
		<width>300</width>
		<height>300</height>
		<depth>3</depth>
	</size>
	<segmented>0</segmented>
	<object>
		<name>aggregate reticulocyte</name>
		<pose>Unspecified</pose>
		<truncated>0</truncated>
		<difficult>0</difficult>
		<bndbox>
			<xmin>24</xmin>
			<ymin>93</ymin>
			<xmax>58</xmax>
			<ymax>127</ymax>
		</bndbox>
	</object>
	<object>
		<name>erythrocyte</name>
		<pose>Unspecified</pose>
		<truncated>0</truncated>
		<difficult>0</difficult>
		<bndbox>
			<xmin>215</xmin>
			<ymin>10</ymin>
			<xmax>255</xmax>
			<ymax>43</ymax>
		</bndbox>
	</object>
</annotation>
