<annotation>
	<folder>images</folder>
	<filename>000551.jpg</filename>
	<path>/home/vini/Desktop/data_300x300/images/000551.jpg</path>
	<source>
		<database>Unknown</database>
	</source>
	<size>
		<width>300</width>
		<height>300</height>
		<depth>3</depth>
	</size>
	<segmented>0</segmented>
	<object>
		<name>punctate reticulocyte</name>
		<pose>Unspecified</pose>
		<truncated>0</truncated>
		<difficult>0</difficult>
		<bndbox>
			<xmin>9</xmin>
			<ymin>181</ymin>
			<xmax>45</xmax>
			<ymax>217</ymax>
		</bndbox>
	</object>
	<object>
		<name>erythrocyte</name>
		<pose>Unspecified</pose>
		<truncated>0</truncated>
		<difficult>0</difficult>
		<bndbox>
			<xmin>239</xmin>
			<ymin>133</ymin>
			<xmax>272</xmax>
			<ymax>173</ymax>
		</bndbox>
	</object>
</annotation>
