<annotation>
	<folder>images</folder>
	<filename>000515.jpg</filename>
	<path>/home/vini/Desktop/data_300x300/images/000515.jpg</path>
	<source>
		<database>Unknown</database>
	</source>
	<size>
		<width>300</width>
		<height>300</height>
		<depth>3</depth>
	</size>
	<segmented>0</segmented>
	<object>
		<name>punctate reticulocyte</name>
		<pose>Unspecified</pose>
		<truncated>0</truncated>
		<difficult>0</difficult>
		<bndbox>
			<xmin>90</xmin>
			<ymin>162</ymin>
			<xmax>125</xmax>
			<ymax>201</ymax>
		</bndbox>
	</object>
</annotation>
