<annotation>
	<folder>images</folder>
	<filename>000605.jpg</filename>
	<path>/home/vini/Desktop/data_300x300/images/000605.jpg</path>
	<source>
		<database>Unknown</database>
	</source>
	<size>
		<width>300</width>
		<height>300</height>
		<depth>3</depth>
	</size>
	<segmented>0</segmented>
	<object>
		<name>punctate reticulocyte</name>
		<pose>Unspecified</pose>
		<truncated>0</truncated>
		<difficult>0</difficult>
		<bndbox>
			<xmin>198</xmin>
			<ymin>40</ymin>
			<xmax>251</xmax>
			<ymax>92</ymax>
		</bndbox>
	</object>
	<object>
		<name>erythrocyte</name>
		<pose>Unspecified</pose>
		<truncated>0</truncated>
		<difficult>0</difficult>
		<bndbox>
			<xmin>31</xmin>
			<ymin>227</ymin>
			<xmax>79</xmax>
			<ymax>278</ymax>
		</bndbox>
	</object>
</annotation>
