<annotation>
	<folder>images</folder>
	<filename>000688.jpg</filename>
	<path>/home/vini/Desktop/data_300x300/images/000688.jpg</path>
	<source>
		<database>Unknown</database>
	</source>
	<size>
		<width>300</width>
		<height>300</height>
		<depth>3</depth>
	</size>
	<segmented>0</segmented>
	<object>
		<name>aggregate reticulocyte</name>
		<pose>Unspecified</pose>
		<truncated>0</truncated>
		<difficult>0</difficult>
		<bndbox>
			<xmin>126</xmin>
			<ymin>67</ymin>
			<xmax>192</xmax>
			<ymax>130</ymax>
		</bndbox>
	</object>
	<object>
		<name>erythrocyte</name>
		<pose>Unspecified</pose>
		<truncated>0</truncated>
		<difficult>0</difficult>
		<bndbox>
			<xmin>58</xmin>
			<ymin>83</ymin>
			<xmax>124</xmax>
			<ymax>149</ymax>
		</bndbox>
	</object>
</annotation>
