<annotation>
	<folder>images</folder>
	<filename>000633.jpg</filename>
	<path>/home/vini/Desktop/data_300x300/images/000633.jpg</path>
	<source>
		<database>Unknown</database>
	</source>
	<size>
		<width>300</width>
		<height>300</height>
		<depth>3</depth>
	</size>
	<segmented>0</segmented>
	<object>
		<name>punctate reticulocyte</name>
		<pose>Unspecified</pose>
		<truncated>0</truncated>
		<difficult>0</difficult>
		<bndbox>
			<xmin>39</xmin>
			<ymin>21</ymin>
			<xmax>99</xmax>
			<ymax>79</ymax>
		</bndbox>
	</object>
	<object>
		<name>erythrocyte</name>
		<pose>Unspecified</pose>
		<truncated>0</truncated>
		<difficult>0</difficult>
		<bndbox>
			<xmin>191</xmin>
			<ymin>63</ymin>
			<xmax>238</xmax>
			<ymax>110</ymax>
		</bndbox>
	</object>
	<object>
		<name>erythrocyte</name>
		<pose>Unspecified</pose>
		<truncated>0</truncated>
		<difficult>0</difficult>
		<bndbox>
			<xmin>20</xmin>
			<ymin>226</ymin>
			<xmax>71</xmax>
			<ymax>275</ymax>
		</bndbox>
	</object>
</annotation>
