<annotation>
	<folder>images</folder>
	<filename>000673.jpg</filename>
	<path>/home/vini/Desktop/data_300x300/images/000673.jpg</path>
	<source>
		<database>Unknown</database>
	</source>
	<size>
		<width>300</width>
		<height>300</height>
		<depth>3</depth>
	</size>
	<segmented>0</segmented>
	<object>
		<name>punctate reticulocyte</name>
		<pose>Unspecified</pose>
		<truncated>0</truncated>
		<difficult>0</difficult>
		<bndbox>
			<xmin>230</xmin>
			<ymin>11</ymin>
			<xmax>278</xmax>
			<ymax>57</ymax>
		</bndbox>
	</object>
	<object>
		<name>punctate reticulocyte</name>
		<pose>Unspecified</pose>
		<truncated>0</truncated>
		<difficult>0</difficult>
		<bndbox>
			<xmin>150</xmin>
			<ymin>66</ymin>
			<xmax>202</xmax>
			<ymax>116</ymax>
		</bndbox>
	</object>
	<object>
		<name>punctate reticulocyte</name>
		<pose>Unspecified</pose>
		<truncated>0</truncated>
		<difficult>0</difficult>
		<bndbox>
			<xmin>214</xmin>
			<ymin>152</ymin>
			<xmax>263</xmax>
			<ymax>201</ymax>
		</bndbox>
	</object>
	<object>
		<name>erythrocyte</name>
		<pose>Unspecified</pose>
		<truncated>0</truncated>
		<difficult>0</difficult>
		<bndbox>
			<xmin>137</xmin>
			<ymin>180</ymin>
			<xmax>191</xmax>
			<ymax>233</ymax>
		</bndbox>
	</object>
	<object>
		<name>erythrocyte</name>
		<pose>Unspecified</pose>
		<truncated>0</truncated>
		<difficult>0</difficult>
		<bndbox>
			<xmin>114</xmin>
			<ymin>244</ymin>
			<xmax>160</xmax>
			<ymax>288</ymax>
		</bndbox>
	</object>
</annotation>
