<annotation>
	<folder>images</folder>
	<filename>000632.jpg</filename>
	<path>/home/vini/Desktop/data_300x300/images/000632.jpg</path>
	<source>
		<database>Unknown</database>
	</source>
	<size>
		<width>300</width>
		<height>300</height>
		<depth>3</depth>
	</size>
	<segmented>0</segmented>
	<object>
		<name>erythrocyte</name>
		<pose>Unspecified</pose>
		<truncated>0</truncated>
		<difficult>0</difficult>
		<bndbox>
			<xmin>122</xmin>
			<ymin>13</ymin>
			<xmax>158</xmax>
			<ymax>49</ymax>
		</bndbox>
	</object>
	<object>
		<name>aggregate reticulocyte</name>
		<pose>Unspecified</pose>
		<truncated>0</truncated>
		<difficult>0</difficult>
		<bndbox>
			<xmin>152</xmin>
			<ymin>132</ymin>
			<xmax>192</xmax>
			<ymax>170</ymax>
		</bndbox>
	</object>
</annotation>
