<annotation>
	<folder>images</folder>
	<filename>000641.jpg</filename>
	<path>/home/vini/Desktop/data_300x300/images/000641.jpg</path>
	<source>
		<database>Unknown</database>
	</source>
	<size>
		<width>300</width>
		<height>300</height>
		<depth>3</depth>
	</size>
	<segmented>0</segmented>
	<object>
		<name>erythrocyte</name>
		<pose>Unspecified</pose>
		<truncated>0</truncated>
		<difficult>0</difficult>
		<bndbox>
			<xmin>208</xmin>
			<ymin>7</ymin>
			<xmax>251</xmax>
			<ymax>50</ymax>
		</bndbox>
	</object>
	<object>
		<name>aggregate reticulocyte</name>
		<pose>Unspecified</pose>
		<truncated>0</truncated>
		<difficult>0</difficult>
		<bndbox>
			<xmin>78</xmin>
			<ymin>136</ymin>
			<xmax>126</xmax>
			<ymax>184</ymax>
		</bndbox>
	</object>
	<object>
		<name>erythrocyte</name>
		<pose>Unspecified</pose>
		<truncated>0</truncated>
		<difficult>0</difficult>
		<bndbox>
			<xmin>32</xmin>
			<ymin>227</ymin>
			<xmax>81</xmax>
			<ymax>277</ymax>
		</bndbox>
	</object>
</annotation>
