<annotation>
	<folder>images</folder>
	<filename>000642.jpg</filename>
	<path>/home/vini/Desktop/data_300x300/images/000642.jpg</path>
	<source>
		<database>Unknown</database>
	</source>
	<size>
		<width>300</width>
		<height>300</height>
		<depth>3</depth>
	</size>
	<segmented>0</segmented>
	<object>
		<name>erythrocyte</name>
		<pose>Unspecified</pose>
		<truncated>0</truncated>
		<difficult>0</difficult>
		<bndbox>
			<xmin>53</xmin>
			<ymin>94</ymin>
			<xmax>103</xmax>
			<ymax>142</ymax>
		</bndbox>
	</object>
	<object>
		<name>erythrocyte</name>
		<pose>Unspecified</pose>
		<truncated>0</truncated>
		<difficult>0</difficult>
		<bndbox>
			<xmin>165</xmin>
			<ymin>57</ymin>
			<xmax>218</xmax>
			<ymax>109</ymax>
		</bndbox>
	</object>
</annotation>
