<annotation>
	<folder>images</folder>
	<filename>000697.jpg</filename>
	<path>/home/vini/Desktop/data_300x300/images/000697.jpg</path>
	<source>
		<database>Unknown</database>
	</source>
	<size>
		<width>300</width>
		<height>300</height>
		<depth>3</depth>
	</size>
	<segmented>0</segmented>
	<object>
		<name>punctate reticulocyte</name>
		<pose>Unspecified</pose>
		<truncated>0</truncated>
		<difficult>0</difficult>
		<bndbox>
			<xmin>41</xmin>
			<ymin>45</ymin>
			<xmax>104</xmax>
			<ymax>104</ymax>
		</bndbox>
	</object>
	<object>
		<name>erythrocyte</name>
		<pose>Unspecified</pose>
		<truncated>0</truncated>
		<difficult>0</difficult>
		<bndbox>
			<xmin>104</xmin>
			<ymin>156</ymin>
			<xmax>154</xmax>
			<ymax>206</ymax>
		</bndbox>
	</object>
</annotation>
