<annotation>
	<folder>images</folder>
	<filename>000674.jpg</filename>
	<path>/home/vini/Desktop/data_300x300/images/000674.jpg</path>
	<source>
		<database>Unknown</database>
	</source>
	<size>
		<width>300</width>
		<height>300</height>
		<depth>3</depth>
	</size>
	<segmented>0</segmented>
	<object>
		<name>punctate reticulocyte</name>
		<pose>Unspecified</pose>
		<truncated>0</truncated>
		<difficult>0</difficult>
		<bndbox>
			<xmin>42</xmin>
			<ymin>123</ymin>
			<xmax>100</xmax>
			<ymax>182</ymax>
		</bndbox>
	</object>
	<object>
		<name>erythrocyte</name>
		<pose>Unspecified</pose>
		<truncated>0</truncated>
		<difficult>0</difficult>
		<bndbox>
			<xmin>227</xmin>
			<ymin>34</ymin>
			<xmax>284</xmax>
			<ymax>89</ymax>
		</bndbox>
	</object>
</annotation>
