<annotation>
	<folder>images</folder>
	<filename>000615.jpg</filename>
	<path>/home/vini/Desktop/data_300x300/images/000615.jpg</path>
	<source>
		<database>Unknown</database>
	</source>
	<size>
		<width>300</width>
		<height>300</height>
		<depth>3</depth>
	</size>
	<segmented>0</segmented>
	<object>
		<name>aggregate reticulocyte</name>
		<pose>Unspecified</pose>
		<truncated>0</truncated>
		<difficult>0</difficult>
		<bndbox>
			<xmin>19</xmin>
			<ymin>50</ymin>
			<xmax>77</xmax>
			<ymax>109</ymax>
		</bndbox>
	</object>
	<object>
		<name>erythrocyte</name>
		<pose>Unspecified</pose>
		<truncated>0</truncated>
		<difficult>0</difficult>
		<bndbox>
			<xmin>81</xmin>
			<ymin>52</ymin>
			<xmax>143</xmax>
			<ymax>114</ymax>
		</bndbox>
	</object>
	<object>
		<name>erythrocyte</name>
		<pose>Unspecified</pose>
		<truncated>0</truncated>
		<difficult>0</difficult>
		<bndbox>
			<xmin>125</xmin>
			<ymin>224</ymin>
			<xmax>179</xmax>
			<ymax>284</ymax>
		</bndbox>
	</object>
</annotation>
