<annotation>
	<folder>images</folder>
	<filename>000694.jpg</filename>
	<path>/home/vini/Desktop/data_300x300/images/000694.jpg</path>
	<source>
		<database>Unknown</database>
	</source>
	<size>
		<width>300</width>
		<height>300</height>
		<depth>3</depth>
	</size>
	<segmented>0</segmented>
	<object>
		<name>aggregate reticulocyte</name>
		<pose>Unspecified</pose>
		<truncated>0</truncated>
		<difficult>0</difficult>
		<bndbox>
			<xmin>6</xmin>
			<ymin>25</ymin>
			<xmax>41</xmax>
			<ymax>57</ymax>
		</bndbox>
	</object>
	<object>
		<name>erythrocyte</name>
		<pose>Unspecified</pose>
		<truncated>0</truncated>
		<difficult>0</difficult>
		<bndbox>
			<xmin>144</xmin>
			<ymin>150</ymin>
			<xmax>174</xmax>
			<ymax>179</ymax>
		</bndbox>
	</object>
	<object>
		<name>erythrocyte</name>
		<pose>Unspecified</pose>
		<truncated>1</truncated>
		<difficult>0</difficult>
		<bndbox>
			<xmin>182</xmin>
			<ymin>266</ymin>
			<xmax>218</xmax>
			<ymax>300</ymax>
		</bndbox>
	</object>
</annotation>
