<annotation>
	<folder>images</folder>
	<filename>000606.jpg</filename>
	<path>/home/vini/Desktop/data_300x300/images/000606.jpg</path>
	<source>
		<database>Unknown</database>
	</source>
	<size>
		<width>300</width>
		<height>300</height>
		<depth>3</depth>
	</size>
	<segmented>0</segmented>
	<object>
		<name>aggregate reticulocyte</name>
		<pose>Unspecified</pose>
		<truncated>0</truncated>
		<difficult>0</difficult>
		<bndbox>
			<xmin>176</xmin>
			<ymin>63</ymin>
			<xmax>224</xmax>
			<ymax>111</ymax>
		</bndbox>
	</object>
	<object>
		<name>erythrocyte</name>
		<pose>Unspecified</pose>
		<truncated>0</truncated>
		<difficult>0</difficult>
		<bndbox>
			<xmin>7</xmin>
			<ymin>220</ymin>
			<xmax>51</xmax>
			<ymax>268</ymax>
		</bndbox>
	</object>
</annotation>
