<annotation>
	<folder>images</folder>
	<filename>000602.jpg</filename>
	<path>/home/vini/Desktop/data_300x300/images/000602.jpg</path>
	<source>
		<database>Unknown</database>
	</source>
	<size>
		<width>300</width>
		<height>300</height>
		<depth>3</depth>
	</size>
	<segmented>0</segmented>
	<object>
		<name>aggregate reticulocyte</name>
		<pose>Unspecified</pose>
		<truncated>0</truncated>
		<difficult>0</difficult>
		<bndbox>
			<xmin>158</xmin>
			<ymin>44</ymin>
			<xmax>206</xmax>
			<ymax>91</ymax>
		</bndbox>
	</object>
	<object>
		<name>erythrocyte</name>
		<pose>Unspecified</pose>
		<truncated>0</truncated>
		<difficult>0</difficult>
		<bndbox>
			<xmin>207</xmin>
			<ymin>202</ymin>
			<xmax>248</xmax>
			<ymax>243</ymax>
		</bndbox>
	</object>
	<object>
		<name>erythrocyte</name>
		<pose>Unspecified</pose>
		<truncated>0</truncated>
		<difficult>0</difficult>
		<bndbox>
			<xmin>139</xmin>
			<ymin>253</ymin>
			<xmax>184</xmax>
			<ymax>295</ymax>
		</bndbox>
	</object>
</annotation>
