<annotation>
	<folder>images</folder>
	<filename>000676.jpg</filename>
	<path>/home/vini/Desktop/data_300x300/images/000676.jpg</path>
	<source>
		<database>Unknown</database>
	</source>
	<size>
		<width>300</width>
		<height>300</height>
		<depth>3</depth>
	</size>
	<segmented>0</segmented>
	<object>
		<name>erythrocyte</name>
		<pose>Unspecified</pose>
		<truncated>0</truncated>
		<difficult>0</difficult>
		<bndbox>
			<xmin>232</xmin>
			<ymin>26</ymin>
			<xmax>290</xmax>
			<ymax>96</ymax>
		</bndbox>
	</object>
	<object>
		<name>punctate reticulocyte</name>
		<pose>Unspecified</pose>
		<truncated>0</truncated>
		<difficult>0</difficult>
		<bndbox>
			<xmin>229</xmin>
			<ymin>208</ymin>
			<xmax>290</xmax>
			<ymax>268</ymax>
		</bndbox>
	</object>
</annotation>
