<annotation>
	<folder>images</folder>
	<filename>000623.jpg</filename>
	<path>/home/vini/Desktop/data_300x300/images/000623.jpg</path>
	<source>
		<database>Unknown</database>
	</source>
	<size>
		<width>300</width>
		<height>300</height>
		<depth>3</depth>
	</size>
	<segmented>0</segmented>
	<object>
		<name>aggregate reticulocyte</name>
		<pose>Unspecified</pose>
		<truncated>0</truncated>
		<difficult>0</difficult>
		<bndbox>
			<xmin>54</xmin>
			<ymin>58</ymin>
			<xmax>106</xmax>
			<ymax>114</ymax>
		</bndbox>
	</object>
	<object>
		<name>punctate reticulocyte</name>
		<pose>Unspecified</pose>
		<truncated>0</truncated>
		<difficult>0</difficult>
		<bndbox>
			<xmin>222</xmin>
			<ymin>16</ymin>
			<xmax>281</xmax>
			<ymax>77</ymax>
		</bndbox>
	</object>
</annotation>
