<annotation>
	<folder>images</folder>
	<filename>000630.jpg</filename>
	<path>/home/vini/Desktop/data_300x300/images/000630.jpg</path>
	<source>
		<database>Unknown</database>
	</source>
	<size>
		<width>300</width>
		<height>300</height>
		<depth>3</depth>
	</size>
	<segmented>0</segmented>
	<object>
		<name>punctate reticulocyte</name>
		<pose>Unspecified</pose>
		<truncated>0</truncated>
		<difficult>0</difficult>
		<bndbox>
			<xmin>178</xmin>
			<ymin>175</ymin>
			<xmax>234</xmax>
			<ymax>230</ymax>
		</bndbox>
	</object>
	<object>
		<name>erythrocyte</name>
		<pose>Unspecified</pose>
		<truncated>0</truncated>
		<difficult>0</difficult>
		<bndbox>
			<xmin>245</xmin>
			<ymin>167</ymin>
			<xmax>290</xmax>
			<ymax>210</ymax>
		</bndbox>
	</object>
</annotation>
