<annotation>
	<folder>images</folder>
	<filename>000767.jpg</filename>
	<path>/home/vini/Desktop/data_300x300/images/000767.jpg</path>
	<source>
		<database>Unknown</database>
	</source>
	<size>
		<width>300</width>
		<height>300</height>
		<depth>3</depth>
	</size>
	<segmented>0</segmented>
	<object>
		<name>aggregate reticulocyte</name>
		<pose>Unspecified</pose>
		<truncated>0</truncated>
		<difficult>0</difficult>
		<bndbox>
			<xmin>53</xmin>
			<ymin>169</ymin>
			<xmax>158</xmax>
			<ymax>274</ymax>
		</bndbox>
	</object>
	<object>
		<name>punctate reticulocyte</name>
		<pose>Unspecified</pose>
		<truncated>0</truncated>
		<difficult>0</difficult>
		<bndbox>
			<xmin>154</xmin>
			<ymin>14</ymin>
			<xmax>239</xmax>
			<ymax>112</ymax>
		</bndbox>
	</object>
</annotation>
