<annotation>
	<folder>images</folder>
	<filename>000715.jpg</filename>
	<path>/home/vini/Desktop/data_300x300/images/000715.jpg</path>
	<source>
		<database>Unknown</database>
	</source>
	<size>
		<width>300</width>
		<height>300</height>
		<depth>3</depth>
	</size>
	<segmented>0</segmented>
	<object>
		<name>erythrocyte</name>
		<pose>Unspecified</pose>
		<truncated>0</truncated>
		<difficult>0</difficult>
		<bndbox>
			<xmin>31</xmin>
			<ymin>107</ymin>
			<xmax>98</xmax>
			<ymax>169</ymax>
		</bndbox>
	</object>
	<object>
		<name>punctate reticulocyte</name>
		<pose>Unspecified</pose>
		<truncated>0</truncated>
		<difficult>0</difficult>
		<bndbox>
			<xmin>187</xmin>
			<ymin>107</ymin>
			<xmax>262</xmax>
			<ymax>190</ymax>
		</bndbox>
	</object>
</annotation>
