<annotation>
	<folder>images</folder>
	<filename>000701.jpg</filename>
	<path>/home/vini/Desktop/data_300x300/images/000701.jpg</path>
	<source>
		<database>Unknown</database>
	</source>
	<size>
		<width>300</width>
		<height>300</height>
		<depth>3</depth>
	</size>
	<segmented>0</segmented>
	<object>
		<name>aggregate reticulocyte</name>
		<pose>Unspecified</pose>
		<truncated>0</truncated>
		<difficult>0</difficult>
		<bndbox>
			<xmin>12</xmin>
			<ymin>71</ymin>
			<xmax>67</xmax>
			<ymax>125</ymax>
		</bndbox>
	</object>
	<object>
		<name>erythrocyte</name>
		<pose>Unspecified</pose>
		<truncated>0</truncated>
		<difficult>0</difficult>
		<bndbox>
			<xmin>123</xmin>
			<ymin>231</ymin>
			<xmax>174</xmax>
			<ymax>283</ymax>
		</bndbox>
	</object>
	<object>
		<name>erythrocyte</name>
		<pose>Unspecified</pose>
		<truncated>0</truncated>
		<difficult>0</difficult>
		<bndbox>
			<xmin>231</xmin>
			<ymin>170</ymin>
			<xmax>298</xmax>
			<ymax>235</ymax>
		</bndbox>
	</object>
</annotation>
