<annotation>
	<folder>images</folder>
	<filename>000724.jpg</filename>
	<path>/home/vini/Desktop/data_300x300/images/000724.jpg</path>
	<source>
		<database>Unknown</database>
	</source>
	<size>
		<width>300</width>
		<height>300</height>
		<depth>3</depth>
	</size>
	<segmented>0</segmented>
	<object>
		<name>aggregate reticulocyte</name>
		<pose>Unspecified</pose>
		<truncated>0</truncated>
		<difficult>0</difficult>
		<bndbox>
			<xmin>123</xmin>
			<ymin>174</ymin>
			<xmax>185</xmax>
			<ymax>233</ymax>
		</bndbox>
	</object>
	<object>
		<name>punctate reticulocyte</name>
		<pose>Unspecified</pose>
		<truncated>0</truncated>
		<difficult>0</difficult>
		<bndbox>
			<xmin>187</xmin>
			<ymin>195</ymin>
			<xmax>246</xmax>
			<ymax>251</ymax>
		</bndbox>
	</object>
</annotation>
