<annotation>
	<folder>images</folder>
	<filename>000750.jpg</filename>
	<path>/home/vini/Desktop/data_300x300/images/000750.jpg</path>
	<source>
		<database>Unknown</database>
	</source>
	<size>
		<width>300</width>
		<height>300</height>
		<depth>3</depth>
	</size>
	<segmented>0</segmented>
	<object>
		<name>punctate reticulocyte</name>
		<pose>Unspecified</pose>
		<truncated>0</truncated>
		<difficult>0</difficult>
		<bndbox>
			<xmin>28</xmin>
			<ymin>33</ymin>
			<xmax>105</xmax>
			<ymax>106</ymax>
		</bndbox>
	</object>
	<object>
		<name>erythrocyte</name>
		<pose>Unspecified</pose>
		<truncated>0</truncated>
		<difficult>0</difficult>
		<bndbox>
			<xmin>202</xmin>
			<ymin>117</ymin>
			<xmax>264</xmax>
			<ymax>184</ymax>
		</bndbox>
	</object>
</annotation>
