<annotation>
	<folder>images</folder>
	<filename>000772.jpg</filename>
	<path>/home/vini/Desktop/data_300x300/images/000772.jpg</path>
	<source>
		<database>Unknown</database>
	</source>
	<size>
		<width>300</width>
		<height>300</height>
		<depth>3</depth>
	</size>
	<segmented>0</segmented>
	<object>
		<name>erythrocyte</name>
		<pose>Unspecified</pose>
		<truncated>0</truncated>
		<difficult>0</difficult>
		<bndbox>
			<xmin>82</xmin>
			<ymin>36</ymin>
			<xmax>147</xmax>
			<ymax>102</ymax>
		</bndbox>
	</object>
	<object>
		<name>aggregate reticulocyte</name>
		<pose>Unspecified</pose>
		<truncated>0</truncated>
		<difficult>0</difficult>
		<bndbox>
			<xmin>23</xmin>
			<ymin>65</ymin>
			<xmax>91</xmax>
			<ymax>135</ymax>
		</bndbox>
	</object>
	<object>
		<name>erythrocyte</name>
		<pose>Unspecified</pose>
		<truncated>0</truncated>
		<difficult>0</difficult>
		<bndbox>
			<xmin>147</xmin>
			<ymin>163</ymin>
			<xmax>223</xmax>
			<ymax>234</ymax>
		</bndbox>
	</object>
</annotation>
