<annotation>
	<folder>images</folder>
	<filename>000747.jpg</filename>
	<path>/home/vini/Desktop/data_300x300/images/000747.jpg</path>
	<source>
		<database>Unknown</database>
	</source>
	<size>
		<width>300</width>
		<height>300</height>
		<depth>3</depth>
	</size>
	<segmented>0</segmented>
	<object>
		<name>erythrocyte</name>
		<pose>Unspecified</pose>
		<truncated>0</truncated>
		<difficult>0</difficult>
		<bndbox>
			<xmin>204</xmin>
			<ymin>8</ymin>
			<xmax>271</xmax>
			<ymax>72</ymax>
		</bndbox>
	</object>
	<object>
		<name>erythrocyte</name>
		<pose>Unspecified</pose>
		<truncated>0</truncated>
		<difficult>0</difficult>
		<bndbox>
			<xmin>22</xmin>
			<ymin>40</ymin>
			<xmax>88</xmax>
			<ymax>100</ymax>
		</bndbox>
	</object>
	<object>
		<name>erythrocyte</name>
		<pose>Unspecified</pose>
		<truncated>0</truncated>
		<difficult>0</difficult>
		<bndbox>
			<xmin>106</xmin>
			<ymin>180</ymin>
			<xmax>166</xmax>
			<ymax>258</ymax>
		</bndbox>
	</object>
</annotation>
