<annotation>
	<folder>images</folder>
	<filename>000714.jpg</filename>
	<path>/home/vini/Desktop/data_300x300/images/000714.jpg</path>
	<source>
		<database>Unknown</database>
	</source>
	<size>
		<width>300</width>
		<height>300</height>
		<depth>3</depth>
	</size>
	<segmented>0</segmented>
	<object>
		<name>aggregate reticulocyte</name>
		<pose>Unspecified</pose>
		<truncated>0</truncated>
		<difficult>0</difficult>
		<bndbox>
			<xmin>68</xmin>
			<ymin>146</ymin>
			<xmax>144</xmax>
			<ymax>220</ymax>
		</bndbox>
	</object>
	<object>
		<name>erythrocyte</name>
		<pose>Unspecified</pose>
		<truncated>0</truncated>
		<difficult>0</difficult>
		<bndbox>
			<xmin>158</xmin>
			<ymin>49</ymin>
			<xmax>234</xmax>
			<ymax>120</ymax>
		</bndbox>
	</object>
</annotation>
