<annotation>
	<folder>images</folder>
	<filename>000759.jpg</filename>
	<path>/home/vini/Desktop/data_300x300/images/000759.jpg</path>
	<source>
		<database>Unknown</database>
	</source>
	<size>
		<width>300</width>
		<height>300</height>
		<depth>3</depth>
	</size>
	<segmented>0</segmented>
	<object>
		<name>erythrocyte</name>
		<pose>Unspecified</pose>
		<truncated>0</truncated>
		<difficult>0</difficult>
		<bndbox>
			<xmin>139</xmin>
			<ymin>17</ymin>
			<xmax>190</xmax>
			<ymax>67</ymax>
		</bndbox>
	</object>
	<object>
		<name>aggregate reticulocyte</name>
		<pose>Unspecified</pose>
		<truncated>0</truncated>
		<difficult>0</difficult>
		<bndbox>
			<xmin>133</xmin>
			<ymin>218</ymin>
			<xmax>187</xmax>
			<ymax>271</ymax>
		</bndbox>
	</object>
</annotation>
