<annotation>
	<folder>images</folder>
	<filename>000733.jpg</filename>
	<path>/home/vini/Desktop/data_300x300/images/000733.jpg</path>
	<source>
		<database>Unknown</database>
	</source>
	<size>
		<width>300</width>
		<height>300</height>
		<depth>3</depth>
	</size>
	<segmented>0</segmented>
	<object>
		<name>erythrocyte</name>
		<pose>Unspecified</pose>
		<truncated>0</truncated>
		<difficult>0</difficult>
		<bndbox>
			<xmin>33</xmin>
			<ymin>104</ymin>
			<xmax>78</xmax>
			<ymax>148</ymax>
		</bndbox>
	</object>
	<object>
		<name>erythrocyte</name>
		<pose>Unspecified</pose>
		<truncated>0</truncated>
		<difficult>0</difficult>
		<bndbox>
			<xmin>233</xmin>
			<ymin>23</ymin>
			<xmax>276</xmax>
			<ymax>65</ymax>
		</bndbox>
	</object>
</annotation>
