<annotation>
	<folder>images</folder>
	<filename>000771.jpg</filename>
	<path>/home/vini/Desktop/data_300x300/images/000771.jpg</path>
	<source>
		<database>Unknown</database>
	</source>
	<size>
		<width>300</width>
		<height>300</height>
		<depth>3</depth>
	</size>
	<segmented>0</segmented>
	<object>
		<name>aggregate reticulocyte</name>
		<pose>Unspecified</pose>
		<truncated>0</truncated>
		<difficult>0</difficult>
		<bndbox>
			<xmin>22</xmin>
			<ymin>31</ymin>
			<xmax>68</xmax>
			<ymax>73</ymax>
		</bndbox>
	</object>
	<object>
		<name>aggregate reticulocyte</name>
		<pose>Unspecified</pose>
		<truncated>0</truncated>
		<difficult>0</difficult>
		<bndbox>
			<xmin>62</xmin>
			<ymin>56</ymin>
			<xmax>103</xmax>
			<ymax>100</ymax>
		</bndbox>
	</object>
	<object>
		<name>erythrocyte</name>
		<pose>Unspecified</pose>
		<truncated>0</truncated>
		<difficult>0</difficult>
		<bndbox>
			<xmin>191</xmin>
			<ymin>199</ymin>
			<xmax>239</xmax>
			<ymax>235</ymax>
		</bndbox>
	</object>
	<object>
		<name>erythrocyte</name>
		<pose>Unspecified</pose>
		<truncated>0</truncated>
		<difficult>0</difficult>
		<bndbox>
			<xmin>216</xmin>
			<ymin>229</ymin>
			<xmax>260</xmax>
			<ymax>268</ymax>
		</bndbox>
	</object>
</annotation>
