<annotation>
	<folder>images</folder>
	<filename>000781.jpg</filename>
	<path>/home/vini/Desktop/data_300x300/images/000781.jpg</path>
	<source>
		<database>Unknown</database>
	</source>
	<size>
		<width>300</width>
		<height>300</height>
		<depth>3</depth>
	</size>
	<segmented>0</segmented>
	<object>
		<name>punctate reticulocyte</name>
		<pose>Unspecified</pose>
		<truncated>0</truncated>
		<difficult>0</difficult>
		<bndbox>
			<xmin>59</xmin>
			<ymin>36</ymin>
			<xmax>148</xmax>
			<ymax>125</ymax>
		</bndbox>
	</object>
	<object>
		<name>erythrocyte</name>
		<pose>Unspecified</pose>
		<truncated>0</truncated>
		<difficult>0</difficult>
		<bndbox>
			<xmin>73</xmin>
			<ymin>190</ymin>
			<xmax>164</xmax>
			<ymax>278</ymax>
		</bndbox>
	</object>
</annotation>
