<annotation>
	<folder>images</folder>
	<filename>000777.jpg</filename>
	<path>/home/vini/Desktop/data_300x300/images/000777.jpg</path>
	<source>
		<database>Unknown</database>
	</source>
	<size>
		<width>300</width>
		<height>300</height>
		<depth>3</depth>
	</size>
	<segmented>0</segmented>
	<object>
		<name>aggregate reticulocyte</name>
		<pose>Unspecified</pose>
		<truncated>0</truncated>
		<difficult>0</difficult>
		<bndbox>
			<xmin>36</xmin>
			<ymin>26</ymin>
			<xmax>102</xmax>
			<ymax>94</ymax>
		</bndbox>
	</object>
	<object>
		<name>erythrocyte</name>
		<pose>Unspecified</pose>
		<truncated>0</truncated>
		<difficult>0</difficult>
		<bndbox>
			<xmin>189</xmin>
			<ymin>179</ymin>
			<xmax>247</xmax>
			<ymax>237</ymax>
		</bndbox>
	</object>
</annotation>
