<annotation>
	<folder>images</folder>
	<filename>000731.jpg</filename>
	<path>/home/vini/Desktop/data_300x300/images/000731.jpg</path>
	<source>
		<database>Unknown</database>
	</source>
	<size>
		<width>300</width>
		<height>300</height>
		<depth>3</depth>
	</size>
	<segmented>0</segmented>
	<object>
		<name>aggregate reticulocyte</name>
		<pose>Unspecified</pose>
		<truncated>0</truncated>
		<difficult>0</difficult>
		<bndbox>
			<xmin>12</xmin>
			<ymin>95</ymin>
			<xmax>57</xmax>
			<ymax>138</ymax>
		</bndbox>
	</object>
	<object>
		<name>erythrocyte</name>
		<pose>Unspecified</pose>
		<truncated>0</truncated>
		<difficult>0</difficult>
		<bndbox>
			<xmin>229</xmin>
			<ymin>87</ymin>
			<xmax>267</xmax>
			<ymax>121</ymax>
		</bndbox>
	</object>
	<object>
		<name>erythrocyte</name>
		<pose>Unspecified</pose>
		<truncated>0</truncated>
		<difficult>0</difficult>
		<bndbox>
			<xmin>199</xmin>
			<ymin>183</ymin>
			<xmax>234</xmax>
			<ymax>219</ymax>
		</bndbox>
	</object>
</annotation>
