<annotation>
	<folder>images</folder>
	<filename>000746.jpg</filename>
	<path>/home/vini/Desktop/data_300x300/images/000746.jpg</path>
	<source>
		<database>Unknown</database>
	</source>
	<size>
		<width>300</width>
		<height>300</height>
		<depth>3</depth>
	</size>
	<segmented>0</segmented>
	<object>
		<name>erythrocyte</name>
		<pose>Unspecified</pose>
		<truncated>0</truncated>
		<difficult>0</difficult>
		<bndbox>
			<xmin>17</xmin>
			<ymin>31</ymin>
			<xmax>55</xmax>
			<ymax>73</ymax>
		</bndbox>
	</object>
	<object>
		<name>erythrocyte</name>
		<pose>Unspecified</pose>
		<truncated>0</truncated>
		<difficult>0</difficult>
		<bndbox>
			<xmin>129</xmin>
			<ymin>74</ymin>
			<xmax>172</xmax>
			<ymax>116</ymax>
		</bndbox>
	</object>
	<object>
		<name>aggregate reticulocyte</name>
		<pose>Unspecified</pose>
		<truncated>0</truncated>
		<difficult>0</difficult>
		<bndbox>
			<xmin>194</xmin>
			<ymin>104</ymin>
			<xmax>238</xmax>
			<ymax>147</ymax>
		</bndbox>
	</object>
</annotation>
