<annotation>
	<folder>images</folder>
	<filename>000773.jpg</filename>
	<path>/home/vini/Desktop/data_300x300/images/000773.jpg</path>
	<source>
		<database>Unknown</database>
	</source>
	<size>
		<width>300</width>
		<height>300</height>
		<depth>3</depth>
	</size>
	<segmented>0</segmented>
	<object>
		<name>erythrocyte</name>
		<pose>Unspecified</pose>
		<truncated>0</truncated>
		<difficult>0</difficult>
		<bndbox>
			<xmin>115</xmin>
			<ymin>14</ymin>
			<xmax>175</xmax>
			<ymax>74</ymax>
		</bndbox>
	</object>
	<object>
		<name>erythrocyte</name>
		<pose>Unspecified</pose>
		<truncated>0</truncated>
		<difficult>0</difficult>
		<bndbox>
			<xmin>33</xmin>
			<ymin>107</ymin>
			<xmax>98</xmax>
			<ymax>172</ymax>
		</bndbox>
	</object>
	<object>
		<name>aggregate reticulocyte</name>
		<pose>Unspecified</pose>
		<truncated>0</truncated>
		<difficult>0</difficult>
		<bndbox>
			<xmin>178</xmin>
			<ymin>122</ymin>
			<xmax>249</xmax>
			<ymax>190</ymax>
		</bndbox>
	</object>
</annotation>
