<annotation>
	<folder>images</folder>
	<filename>000758.jpg</filename>
	<path>/home/vini/Desktop/data_300x300/images/000758.jpg</path>
	<source>
		<database>Unknown</database>
	</source>
	<size>
		<width>300</width>
		<height>300</height>
		<depth>3</depth>
	</size>
	<segmented>0</segmented>
	<object>
		<name>punctate reticulocyte</name>
		<pose>Unspecified</pose>
		<truncated>0</truncated>
		<difficult>0</difficult>
		<bndbox>
			<xmin>112</xmin>
			<ymin>66</ymin>
			<xmax>190</xmax>
			<ymax>134</ymax>
		</bndbox>
	</object>
	<object>
		<name>punctate reticulocyte</name>
		<pose>Unspecified</pose>
		<truncated>0</truncated>
		<difficult>0</difficult>
		<bndbox>
			<xmin>186</xmin>
			<ymin>35</ymin>
			<xmax>261</xmax>
			<ymax>106</ymax>
		</bndbox>
	</object>
</annotation>
