<annotation>
	<folder>images</folder>
	<filename>000713.jpg</filename>
	<path>/home/vini/Desktop/data_300x300/images/000713.jpg</path>
	<source>
		<database>Unknown</database>
	</source>
	<size>
		<width>300</width>
		<height>300</height>
		<depth>3</depth>
	</size>
	<segmented>0</segmented>
	<object>
		<name>aggregate reticulocyte</name>
		<pose>Unspecified</pose>
		<truncated>0</truncated>
		<difficult>0</difficult>
		<bndbox>
			<xmin>39</xmin>
			<ymin>31</ymin>
			<xmax>111</xmax>
			<ymax>96</ymax>
		</bndbox>
	</object>
	<object>
		<name>erythrocyte</name>
		<pose>Unspecified</pose>
		<truncated>0</truncated>
		<difficult>0</difficult>
		<bndbox>
			<xmin>53</xmin>
			<ymin>172</ymin>
			<xmax>110</xmax>
			<ymax>230</ymax>
		</bndbox>
	</object>
	<object>
		<name>erythrocyte</name>
		<pose>Unspecified</pose>
		<truncated>0</truncated>
		<difficult>0</difficult>
		<bndbox>
			<xmin>29</xmin>
			<ymin>229</ymin>
			<xmax>93</xmax>
			<ymax>287</ymax>
		</bndbox>
	</object>
</annotation>
