<annotation>
	<folder>images</folder>
	<filename>000798.jpg</filename>
	<path>/home/vini/Desktop/data_300x300/images/000798.jpg</path>
	<source>
		<database>Unknown</database>
	</source>
	<size>
		<width>300</width>
		<height>300</height>
		<depth>3</depth>
	</size>
	<segmented>0</segmented>
	<object>
		<name>aggregate reticulocyte</name>
		<pose>Unspecified</pose>
		<truncated>0</truncated>
		<difficult>0</difficult>
		<bndbox>
			<xmin>80</xmin>
			<ymin>136</ymin>
			<xmax>132</xmax>
			<ymax>189</ymax>
		</bndbox>
	</object>
	<object>
		<name>erythrocyte</name>
		<pose>Unspecified</pose>
		<truncated>0</truncated>
		<difficult>0</difficult>
		<bndbox>
			<xmin>129</xmin>
			<ymin>114</ymin>
			<xmax>180</xmax>
			<ymax>166</ymax>
		</bndbox>
	</object>
	<object>
		<name>erythrocyte</name>
		<pose>Unspecified</pose>
		<truncated>0</truncated>
		<difficult>0</difficult>
		<bndbox>
			<xmin>178</xmin>
			<ymin>18</ymin>
			<xmax>225</xmax>
			<ymax>63</ymax>
		</bndbox>
	</object>
</annotation>
