<annotation>
	<folder>images</folder>
	<filename>000718.jpg</filename>
	<path>/home/vini/Desktop/data_300x300/images/000718.jpg</path>
	<source>
		<database>Unknown</database>
	</source>
	<size>
		<width>300</width>
		<height>300</height>
		<depth>3</depth>
	</size>
	<segmented>0</segmented>
	<object>
		<name>aggregate reticulocyte</name>
		<pose>Unspecified</pose>
		<truncated>0</truncated>
		<difficult>0</difficult>
		<bndbox>
			<xmin>61</xmin>
			<ymin>26</ymin>
			<xmax>122</xmax>
			<ymax>86</ymax>
		</bndbox>
	</object>
	<object>
		<name>erythrocyte</name>
		<pose>Unspecified</pose>
		<truncated>0</truncated>
		<difficult>0</difficult>
		<bndbox>
			<xmin>97</xmin>
			<ymin>196</ymin>
			<xmax>162</xmax>
			<ymax>261</ymax>
		</bndbox>
	</object>
	<object>
		<name>erythrocyte</name>
		<pose>Unspecified</pose>
		<truncated>1</truncated>
		<difficult>0</difficult>
		<bndbox>
			<xmin>50</xmin>
			<ymin>248</ymin>
			<xmax>114</xmax>
			<ymax>300</ymax>
		</bndbox>
	</object>
</annotation>
