<annotation>
	<folder>images</folder>
	<filename>000792.jpg</filename>
	<path>/home/vini/Desktop/data_300x300/images/000792.jpg</path>
	<source>
		<database>Unknown</database>
	</source>
	<size>
		<width>300</width>
		<height>300</height>
		<depth>3</depth>
	</size>
	<segmented>0</segmented>
	<object>
		<name>aggregate reticulocyte</name>
		<pose>Unspecified</pose>
		<truncated>0</truncated>
		<difficult>0</difficult>
		<bndbox>
			<xmin>35</xmin>
			<ymin>28</ymin>
			<xmax>113</xmax>
			<ymax>112</ymax>
		</bndbox>
	</object>
	<object>
		<name>punctate reticulocyte</name>
		<pose>Unspecified</pose>
		<truncated>0</truncated>
		<difficult>0</difficult>
		<bndbox>
			<xmin>178</xmin>
			<ymin>216</ymin>
			<xmax>238</xmax>
			<ymax>279</ymax>
		</bndbox>
	</object>
</annotation>
