<annotation>
	<folder>images</folder>
	<filename>000762.jpg</filename>
	<path>/home/vini/Desktop/data_300x300/images/000762.jpg</path>
	<source>
		<database>Unknown</database>
	</source>
	<size>
		<width>300</width>
		<height>300</height>
		<depth>3</depth>
	</size>
	<segmented>0</segmented>
	<object>
		<name>erythrocyte</name>
		<pose>Unspecified</pose>
		<truncated>0</truncated>
		<difficult>0</difficult>
		<bndbox>
			<xmin>42</xmin>
			<ymin>176</ymin>
			<xmax>116</xmax>
			<ymax>254</ymax>
		</bndbox>
	</object>
	<object>
		<name>aggregate reticulocyte</name>
		<pose>Unspecified</pose>
		<truncated>0</truncated>
		<difficult>0</difficult>
		<bndbox>
			<xmin>123</xmin>
			<ymin>177</ymin>
			<xmax>195</xmax>
			<ymax>248</ymax>
		</bndbox>
	</object>
</annotation>
