<annotation>
	<folder>images</folder>
	<filename>000899.jpg</filename>
	<path>/home/vini/Desktop/data_300x300/images/000899.jpg</path>
	<source>
		<database>Unknown</database>
	</source>
	<size>
		<width>300</width>
		<height>300</height>
		<depth>3</depth>
	</size>
	<segmented>0</segmented>
	<object>
		<name>punctate reticulocyte</name>
		<pose>Unspecified</pose>
		<truncated>0</truncated>
		<difficult>0</difficult>
		<bndbox>
			<xmin>85</xmin>
			<ymin>114</ymin>
			<xmax>153</xmax>
			<ymax>179</ymax>
		</bndbox>
	</object>
	<object>
		<name>erythrocyte</name>
		<pose>Unspecified</pose>
		<truncated>0</truncated>
		<difficult>0</difficult>
		<bndbox>
			<xmin>40</xmin>
			<ymin>184</ymin>
			<xmax>107</xmax>
			<ymax>249</ymax>
		</bndbox>
	</object>
</annotation>
