<annotation>
	<folder>images</folder>
	<filename>000804.jpg</filename>
	<path>/home/vini/Desktop/data_300x300/images/000804.jpg</path>
	<source>
		<database>Unknown</database>
	</source>
	<size>
		<width>300</width>
		<height>300</height>
		<depth>3</depth>
	</size>
	<segmented>0</segmented>
	<object>
		<name>punctate reticulocyte</name>
		<pose>Unspecified</pose>
		<truncated>0</truncated>
		<difficult>0</difficult>
		<bndbox>
			<xmin>146</xmin>
			<ymin>50</ymin>
			<xmax>197</xmax>
			<ymax>100</ymax>
		</bndbox>
	</object>
</annotation>
