<annotation>
	<folder>images</folder>
	<filename>000855.jpg</filename>
	<path>/home/vini/Desktop/data_300x300/images/000855.jpg</path>
	<source>
		<database>Unknown</database>
	</source>
	<size>
		<width>300</width>
		<height>300</height>
		<depth>3</depth>
	</size>
	<segmented>0</segmented>
	<object>
		<name>aggregate reticulocyte</name>
		<pose>Unspecified</pose>
		<truncated>0</truncated>
		<difficult>0</difficult>
		<bndbox>
			<xmin>23</xmin>
			<ymin>192</ymin>
			<xmax>87</xmax>
			<ymax>257</ymax>
		</bndbox>
	</object>
	<object>
		<name>erythrocyte</name>
		<pose>Unspecified</pose>
		<truncated>0</truncated>
		<difficult>0</difficult>
		<bndbox>
			<xmin>113</xmin>
			<ymin>38</ymin>
			<xmax>188</xmax>
			<ymax>110</ymax>
		</bndbox>
	</object>
</annotation>
