<annotation>
	<folder>images</folder>
	<filename>000887.jpg</filename>
	<path>/home/vini/Desktop/data_300x300/images/000887.jpg</path>
	<source>
		<database>Unknown</database>
	</source>
	<size>
		<width>300</width>
		<height>300</height>
		<depth>3</depth>
	</size>
	<segmented>0</segmented>
	<object>
		<name>erythrocyte</name>
		<pose>Unspecified</pose>
		<truncated>0</truncated>
		<difficult>0</difficult>
		<bndbox>
			<xmin>235</xmin>
			<ymin>71</ymin>
			<xmax>295</xmax>
			<ymax>132</ymax>
		</bndbox>
	</object>
	<object>
		<name>erythrocyte</name>
		<pose>Unspecified</pose>
		<truncated>0</truncated>
		<difficult>0</difficult>
		<bndbox>
			<xmin>85</xmin>
			<ymin>235</ymin>
			<xmax>138</xmax>
			<ymax>287</ymax>
		</bndbox>
	</object>
	<object>
		<name>aggregate reticulocyte</name>
		<pose>Unspecified</pose>
		<truncated>0</truncated>
		<difficult>0</difficult>
		<bndbox>
			<xmin>21</xmin>
			<ymin>189</ymin>
			<xmax>80</xmax>
			<ymax>246</ymax>
		</bndbox>
	</object>
</annotation>
