<annotation>
	<folder>images</folder>
	<filename>000849.jpg</filename>
	<path>/home/vini/Desktop/data_300x300/images/000849.jpg</path>
	<source>
		<database>Unknown</database>
	</source>
	<size>
		<width>300</width>
		<height>300</height>
		<depth>3</depth>
	</size>
	<segmented>0</segmented>
	<object>
		<name>erythrocyte</name>
		<pose>Unspecified</pose>
		<truncated>0</truncated>
		<difficult>0</difficult>
		<bndbox>
			<xmin>4</xmin>
			<ymin>129</ymin>
			<xmax>61</xmax>
			<ymax>183</ymax>
		</bndbox>
	</object>
	<object>
		<name>erythrocyte</name>
		<pose>Unspecified</pose>
		<truncated>0</truncated>
		<difficult>0</difficult>
		<bndbox>
			<xmin>137</xmin>
			<ymin>149</ymin>
			<xmax>203</xmax>
			<ymax>215</ymax>
		</bndbox>
	</object>
	<object>
		<name>punctate reticulocyte</name>
		<pose>Unspecified</pose>
		<truncated>0</truncated>
		<difficult>0</difficult>
		<bndbox>
			<xmin>172</xmin>
			<ymin>216</ymin>
			<xmax>242</xmax>
			<ymax>282</ymax>
		</bndbox>
	</object>
</annotation>
