<annotation>
	<folder>images</folder>
	<filename>000890.jpg</filename>
	<path>/home/vini/Desktop/data_300x300/images/000890.jpg</path>
	<source>
		<database>Unknown</database>
	</source>
	<size>
		<width>300</width>
		<height>300</height>
		<depth>3</depth>
	</size>
	<segmented>0</segmented>
	<object>
		<name>aggregate reticulocyte</name>
		<pose>Unspecified</pose>
		<truncated>0</truncated>
		<difficult>0</difficult>
		<bndbox>
			<xmin>50</xmin>
			<ymin>47</ymin>
			<xmax>101</xmax>
			<ymax>98</ymax>
		</bndbox>
	</object>
	<object>
		<name>punctate reticulocyte</name>
		<pose>Unspecified</pose>
		<truncated>0</truncated>
		<difficult>0</difficult>
		<bndbox>
			<xmin>233</xmin>
			<ymin>154</ymin>
			<xmax>283</xmax>
			<ymax>203</ymax>
		</bndbox>
	</object>
</annotation>
