<annotation>
	<folder>images</folder>
	<filename>000844.jpg</filename>
	<path>/home/vini/Desktop/data_300x300/images/000844.jpg</path>
	<source>
		<database>Unknown</database>
	</source>
	<size>
		<width>300</width>
		<height>300</height>
		<depth>3</depth>
	</size>
	<segmented>0</segmented>
	<object>
		<name>aggregate reticulocyte</name>
		<pose>Unspecified</pose>
		<truncated>0</truncated>
		<difficult>0</difficult>
		<bndbox>
			<xmin>38</xmin>
			<ymin>21</ymin>
			<xmax>100</xmax>
			<ymax>75</ymax>
		</bndbox>
	</object>
	<object>
		<name>erythrocyte</name>
		<pose>Unspecified</pose>
		<truncated>0</truncated>
		<difficult>0</difficult>
		<bndbox>
			<xmin>121</xmin>
			<ymin>24</ymin>
			<xmax>178</xmax>
			<ymax>79</ymax>
		</bndbox>
	</object>
	<object>
		<name>erythrocyte</name>
		<pose>Unspecified</pose>
		<truncated>0</truncated>
		<difficult>0</difficult>
		<bndbox>
			<xmin>244</xmin>
			<ymin>191</ymin>
			<xmax>293</xmax>
			<ymax>249</ymax>
		</bndbox>
	</object>
</annotation>
