<annotation>
	<folder>images</folder>
	<filename>000811.jpg</filename>
	<path>/home/vini/Desktop/data_300x300/images/000811.jpg</path>
	<source>
		<database>Unknown</database>
	</source>
	<size>
		<width>300</width>
		<height>300</height>
		<depth>3</depth>
	</size>
	<segmented>0</segmented>
	<object>
		<name>punctate reticulocyte</name>
		<pose>Unspecified</pose>
		<truncated>0</truncated>
		<difficult>0</difficult>
		<bndbox>
			<xmin>68</xmin>
			<ymin>23</ymin>
			<xmax>126</xmax>
			<ymax>80</ymax>
		</bndbox>
	</object>
	<object>
		<name>aggregate reticulocyte</name>
		<pose>Unspecified</pose>
		<truncated>0</truncated>
		<difficult>0</difficult>
		<bndbox>
			<xmin>33</xmin>
			<ymin>165</ymin>
			<xmax>93</xmax>
			<ymax>218</ymax>
		</bndbox>
	</object>
</annotation>
