<annotation>
	<folder>images</folder>
	<filename>000821.jpg</filename>
	<path>/home/vini/Desktop/data_300x300/images/000821.jpg</path>
	<source>
		<database>Unknown</database>
	</source>
	<size>
		<width>300</width>
		<height>300</height>
		<depth>3</depth>
	</size>
	<segmented>0</segmented>
	<object>
		<name>erythrocyte</name>
		<pose>Unspecified</pose>
		<truncated>0</truncated>
		<difficult>0</difficult>
		<bndbox>
			<xmin>10</xmin>
			<ymin>202</ymin>
			<xmax>82</xmax>
			<ymax>270</ymax>
		</bndbox>
	</object>
	<object>
		<name>aggregate reticulocyte</name>
		<pose>Unspecified</pose>
		<truncated>0</truncated>
		<difficult>0</difficult>
		<bndbox>
			<xmin>165</xmin>
			<ymin>58</ymin>
			<xmax>222</xmax>
			<ymax>116</ymax>
		</bndbox>
	</object>
</annotation>
