<annotation>
	<folder>images</folder>
	<filename>000875.jpg</filename>
	<path>/home/vini/Desktop/data_300x300/images/000875.jpg</path>
	<source>
		<database>Unknown</database>
	</source>
	<size>
		<width>300</width>
		<height>300</height>
		<depth>3</depth>
	</size>
	<segmented>0</segmented>
	<object>
		<name>aggregate reticulocyte</name>
		<pose>Unspecified</pose>
		<truncated>0</truncated>
		<difficult>0</difficult>
		<bndbox>
			<xmin>8</xmin>
			<ymin>43</ymin>
			<xmax>52</xmax>
			<ymax>87</ymax>
		</bndbox>
	</object>
	<object>
		<name>erythrocyte</name>
		<pose>Unspecified</pose>
		<truncated>0</truncated>
		<difficult>0</difficult>
		<bndbox>
			<xmin>12</xmin>
			<ymin>103</ymin>
			<xmax>51</xmax>
			<ymax>145</ymax>
		</bndbox>
	</object>
	<object>
		<name>erythrocyte</name>
		<pose>Unspecified</pose>
		<truncated>0</truncated>
		<difficult>0</difficult>
		<bndbox>
			<xmin>238</xmin>
			<ymin>56</ymin>
			<xmax>282</xmax>
			<ymax>99</ymax>
		</bndbox>
	</object>
</annotation>
