<annotation>
	<folder>images</folder>
	<filename>000861.jpg</filename>
	<path>/home/vini/Desktop/data_300x300/images/000861.jpg</path>
	<source>
		<database>Unknown</database>
	</source>
	<size>
		<width>300</width>
		<height>300</height>
		<depth>3</depth>
	</size>
	<segmented>0</segmented>
	<object>
		<name>aggregate reticulocyte</name>
		<pose>Unspecified</pose>
		<truncated>0</truncated>
		<difficult>0</difficult>
		<bndbox>
			<xmin>63</xmin>
			<ymin>178</ymin>
			<xmax>111</xmax>
			<ymax>224</ymax>
		</bndbox>
	</object>
	<object>
		<name>punctate reticulocyte</name>
		<pose>Unspecified</pose>
		<truncated>0</truncated>
		<difficult>0</difficult>
		<bndbox>
			<xmin>109</xmin>
			<ymin>164</ymin>
			<xmax>155</xmax>
			<ymax>210</ymax>
		</bndbox>
	</object>
</annotation>
