<annotation>
	<folder>images</folder>
	<filename>000840.jpg</filename>
	<path>/home/vini/Desktop/data_300x300/images/000840.jpg</path>
	<source>
		<database>Unknown</database>
	</source>
	<size>
		<width>300</width>
		<height>300</height>
		<depth>3</depth>
	</size>
	<segmented>0</segmented>
	<object>
		<name>punctate reticulocyte</name>
		<pose>Unspecified</pose>
		<truncated>0</truncated>
		<difficult>0</difficult>
		<bndbox>
			<xmin>81</xmin>
			<ymin>133</ymin>
			<xmax>153</xmax>
			<ymax>215</ymax>
		</bndbox>
	</object>
	<object>
		<name>punctate reticulocyte</name>
		<pose>Unspecified</pose>
		<truncated>0</truncated>
		<difficult>0</difficult>
		<bndbox>
			<xmin>151</xmin>
			<ymin>138</ymin>
			<xmax>230</xmax>
			<ymax>214</ymax>
		</bndbox>
	</object>
</annotation>
