<annotation>
	<folder>images</folder>
	<filename>000868.jpg</filename>
	<path>/home/vini/Desktop/data_300x300/images/000868.jpg</path>
	<source>
		<database>Unknown</database>
	</source>
	<size>
		<width>300</width>
		<height>300</height>
		<depth>3</depth>
	</size>
	<segmented>0</segmented>
	<object>
		<name>erythrocyte</name>
		<pose>Unspecified</pose>
		<truncated>0</truncated>
		<difficult>0</difficult>
		<bndbox>
			<xmin>43</xmin>
			<ymin>220</ymin>
			<xmax>110</xmax>
			<ymax>285</ymax>
		</bndbox>
	</object>
	<object>
		<name>erythrocyte</name>
		<pose>Unspecified</pose>
		<truncated>0</truncated>
		<difficult>0</difficult>
		<bndbox>
			<xmin>19</xmin>
			<ymin>163</ymin>
			<xmax>85</xmax>
			<ymax>226</ymax>
		</bndbox>
	</object>
	<object>
		<name>erythrocyte</name>
		<pose>Unspecified</pose>
		<truncated>0</truncated>
		<difficult>0</difficult>
		<bndbox>
			<xmin>59</xmin>
			<ymin>110</ymin>
			<xmax>122</xmax>
			<ymax>170</ymax>
		</bndbox>
	</object>
	<object>
		<name>erythrocyte</name>
		<pose>Unspecified</pose>
		<truncated>0</truncated>
		<difficult>0</difficult>
		<bndbox>
			<xmin>110</xmin>
			<ymin>74</ymin>
			<xmax>173</xmax>
			<ymax>138</ymax>
		</bndbox>
	</object>
	<object>
		<name>erythrocyte</name>
		<pose>Unspecified</pose>
		<truncated>0</truncated>
		<difficult>0</difficult>
		<bndbox>
			<xmin>195</xmin>
			<ymin>95</ymin>
			<xmax>245</xmax>
			<ymax>159</ymax>
		</bndbox>
	</object>
	<object>
		<name>erythrocyte</name>
		<pose>Unspecified</pose>
		<truncated>0</truncated>
		<difficult>0</difficult>
		<bndbox>
			<xmin>245</xmin>
			<ymin>107</ymin>
			<xmax>287</xmax>
			<ymax>168</ymax>
		</bndbox>
	</object>
	<object>
		<name>erythrocyte</name>
		<pose>Unspecified</pose>
		<truncated>0</truncated>
		<difficult>0</difficult>
		<bndbox>
			<xmin>246</xmin>
			<ymin>173</ymin>
			<xmax>298</xmax>
			<ymax>226</ymax>
		</bndbox>
	</object>
</annotation>
