<annotation>
	<folder>images</folder>
	<filename>000841.jpg</filename>
	<path>/home/vini/Desktop/data_300x300/images/000841.jpg</path>
	<source>
		<database>Unknown</database>
	</source>
	<size>
		<width>300</width>
		<height>300</height>
		<depth>3</depth>
	</size>
	<segmented>0</segmented>
	<object>
		<name>aggregate reticulocyte</name>
		<pose>Unspecified</pose>
		<truncated>0</truncated>
		<difficult>0</difficult>
		<bndbox>
			<xmin>177</xmin>
			<ymin>54</ymin>
			<xmax>223</xmax>
			<ymax>100</ymax>
		</bndbox>
	</object>
	<object>
		<name>erythrocyte</name>
		<pose>Unspecified</pose>
		<truncated>0</truncated>
		<difficult>0</difficult>
		<bndbox>
			<xmin>15</xmin>
			<ymin>196</ymin>
			<xmax>58</xmax>
			<ymax>246</ymax>
		</bndbox>
	</object>
</annotation>
