<annotation>
	<folder>images</folder>
	<filename>000818.jpg</filename>
	<path>/home/vini/Desktop/data_300x300/images/000818.jpg</path>
	<source>
		<database>Unknown</database>
	</source>
	<size>
		<width>300</width>
		<height>300</height>
		<depth>3</depth>
	</size>
	<segmented>0</segmented>
	<object>
		<name>aggregate reticulocyte</name>
		<pose>Unspecified</pose>
		<truncated>0</truncated>
		<difficult>0</difficult>
		<bndbox>
			<xmin>75</xmin>
			<ymin>107</ymin>
			<xmax>159</xmax>
			<ymax>189</ymax>
		</bndbox>
	</object>
	<object>
		<name>erythrocyte</name>
		<pose>Unspecified</pose>
		<truncated>0</truncated>
		<difficult>0</difficult>
		<bndbox>
			<xmin>128</xmin>
			<ymin>58</ymin>
			<xmax>196</xmax>
			<ymax>120</ymax>
		</bndbox>
	</object>
	<object>
		<name>erythrocyte</name>
		<pose>Unspecified</pose>
		<truncated>0</truncated>
		<difficult>0</difficult>
		<bndbox>
			<xmin>205</xmin>
			<ymin>214</ymin>
			<xmax>278</xmax>
			<ymax>295</ymax>
		</bndbox>
	</object>
</annotation>
