<annotation>
	<folder>images</folder>
	<filename>000877.jpg</filename>
	<path>/home/vini/Desktop/data_300x300/images/000877.jpg</path>
	<source>
		<database>Unknown</database>
	</source>
	<size>
		<width>300</width>
		<height>300</height>
		<depth>3</depth>
	</size>
	<segmented>0</segmented>
	<object>
		<name>erythrocyte</name>
		<pose>Unspecified</pose>
		<truncated>0</truncated>
		<difficult>0</difficult>
		<bndbox>
			<xmin>72</xmin>
			<ymin>169</ymin>
			<xmax>121</xmax>
			<ymax>215</ymax>
		</bndbox>
	</object>
	<object>
		<name>erythrocyte</name>
		<pose>Unspecified</pose>
		<truncated>0</truncated>
		<difficult>0</difficult>
		<bndbox>
			<xmin>15</xmin>
			<ymin>182</ymin>
			<xmax>61</xmax>
			<ymax>229</ymax>
		</bndbox>
	</object>
	<object>
		<name>erythrocyte</name>
		<pose>Unspecified</pose>
		<truncated>0</truncated>
		<difficult>0</difficult>
		<bndbox>
			<xmin>90</xmin>
			<ymin>244</ymin>
			<xmax>137</xmax>
			<ymax>293</ymax>
		</bndbox>
	</object>
</annotation>
