<annotation>
	<folder>images</folder>
	<filename>000965.jpg</filename>
	<path>/home/vini/Desktop/data_300x300/images/000965.jpg</path>
	<source>
		<database>Unknown</database>
	</source>
	<size>
		<width>300</width>
		<height>300</height>
		<depth>3</depth>
	</size>
	<segmented>0</segmented>
	<object>
		<name>aggregate reticulocyte</name>
		<pose>Unspecified</pose>
		<truncated>0</truncated>
		<difficult>0</difficult>
		<bndbox>
			<xmin>149</xmin>
			<ymin>28</ymin>
			<xmax>211</xmax>
			<ymax>87</ymax>
		</bndbox>
	</object>
	<object>
		<name>punctate reticulocyte</name>
		<pose>Unspecified</pose>
		<truncated>0</truncated>
		<difficult>0</difficult>
		<bndbox>
			<xmin>188</xmin>
			<ymin>61</ymin>
			<xmax>239</xmax>
			<ymax>116</ymax>
		</bndbox>
	</object>
</annotation>
