<annotation>
	<folder>images</folder>
	<filename>000918.jpg</filename>
	<path>/home/vini/Desktop/data_300x300/images/000918.jpg</path>
	<source>
		<database>Unknown</database>
	</source>
	<size>
		<width>300</width>
		<height>300</height>
		<depth>3</depth>
	</size>
	<segmented>0</segmented>
	<object>
		<name>aggregate reticulocyte</name>
		<pose>Unspecified</pose>
		<truncated>0</truncated>
		<difficult>0</difficult>
		<bndbox>
			<xmin>64</xmin>
			<ymin>160</ymin>
			<xmax>107</xmax>
			<ymax>201</ymax>
		</bndbox>
	</object>
	<object>
		<name>erythrocyte</name>
		<pose>Unspecified</pose>
		<truncated>0</truncated>
		<difficult>0</difficult>
		<bndbox>
			<xmin>141</xmin>
			<ymin>244</ymin>
			<xmax>184</xmax>
			<ymax>287</ymax>
		</bndbox>
	</object>
	<object>
		<name>erythrocyte</name>
		<pose>Unspecified</pose>
		<truncated>0</truncated>
		<difficult>0</difficult>
		<bndbox>
			<xmin>249</xmin>
			<ymin>12</ymin>
			<xmax>291</xmax>
			<ymax>52</ymax>
		</bndbox>
	</object>
</annotation>
