<annotation>
	<folder>images</folder>
	<filename>000924.jpg</filename>
	<path>/home/vini/Desktop/data_300x300/images/000924.jpg</path>
	<source>
		<database>Unknown</database>
	</source>
	<size>
		<width>300</width>
		<height>300</height>
		<depth>3</depth>
	</size>
	<segmented>0</segmented>
	<object>
		<name>aggregate reticulocyte</name>
		<pose>Unspecified</pose>
		<truncated>0</truncated>
		<difficult>0</difficult>
		<bndbox>
			<xmin>210</xmin>
			<ymin>56</ymin>
			<xmax>281</xmax>
			<ymax>126</ymax>
		</bndbox>
	</object>
	<object>
		<name>punctate reticulocyte</name>
		<pose>Unspecified</pose>
		<truncated>0</truncated>
		<difficult>0</difficult>
		<bndbox>
			<xmin>106</xmin>
			<ymin>178</ymin>
			<xmax>166</xmax>
			<ymax>238</ymax>
		</bndbox>
	</object>
</annotation>
