<annotation>
	<folder>images</folder>
	<filename>000945.jpg</filename>
	<path>/home/vini/Desktop/data_300x300/images/000945.jpg</path>
	<source>
		<database>Unknown</database>
	</source>
	<size>
		<width>300</width>
		<height>300</height>
		<depth>3</depth>
	</size>
	<segmented>0</segmented>
	<object>
		<name>punctate reticulocyte</name>
		<pose>Unspecified</pose>
		<truncated>0</truncated>
		<difficult>0</difficult>
		<bndbox>
			<xmin>11</xmin>
			<ymin>123</ymin>
			<xmax>70</xmax>
			<ymax>177</ymax>
		</bndbox>
	</object>
	<object>
		<name>erythrocyte</name>
		<pose>Unspecified</pose>
		<truncated>0</truncated>
		<difficult>0</difficult>
		<bndbox>
			<xmin>229</xmin>
			<ymin>236</ymin>
			<xmax>277</xmax>
			<ymax>284</ymax>
		</bndbox>
	</object>
</annotation>
