<annotation>
	<folder>images</folder>
	<filename>000964.jpg</filename>
	<path>/home/vini/Desktop/data_300x300/images/000964.jpg</path>
	<source>
		<database>Unknown</database>
	</source>
	<size>
		<width>300</width>
		<height>300</height>
		<depth>3</depth>
	</size>
	<segmented>0</segmented>
	<object>
		<name>aggregate reticulocyte</name>
		<pose>Unspecified</pose>
		<truncated>0</truncated>
		<difficult>0</difficult>
		<bndbox>
			<xmin>11</xmin>
			<ymin>137</ymin>
			<xmax>51</xmax>
			<ymax>175</ymax>
		</bndbox>
	</object>
	<object>
		<name>erythrocyte</name>
		<pose>Unspecified</pose>
		<truncated>0</truncated>
		<difficult>0</difficult>
		<bndbox>
			<xmin>212</xmin>
			<ymin>24</ymin>
			<xmax>248</xmax>
			<ymax>59</ymax>
		</bndbox>
	</object>
</annotation>
