<annotation>
	<folder>images</folder>
	<filename>000963.jpg</filename>
	<path>/home/vini/Desktop/srijeda/images/000963.jpg</path>
	<source>
		<database>Unknown</database>
	</source>
	<size>
		<width>300</width>
		<height>300</height>
		<depth>3</depth>
	</size>
	<segmented>0</segmented>
	<object>
		<name>aggregate reticulocyte</name>
		<pose>Unspecified</pose>
		<truncated>0</truncated>
		<difficult>0</difficult>
		<bndbox>
			<xmin>77</xmin>
			<ymin>91</ymin>
			<xmax>114</xmax>
			<ymax>128</ymax>
		</bndbox>
	</object>
</annotation>
