<annotation>
	<folder>images</folder>
	<filename>000904.jpg</filename>
	<path>/home/vini/Desktop/data_300x300/images/000904.jpg</path>
	<source>
		<database>Unknown</database>
	</source>
	<size>
		<width>300</width>
		<height>300</height>
		<depth>3</depth>
	</size>
	<segmented>0</segmented>
	<object>
		<name>aggregate reticulocyte</name>
		<pose>Unspecified</pose>
		<truncated>0</truncated>
		<difficult>0</difficult>
		<bndbox>
			<xmin>15</xmin>
			<ymin>63</ymin>
			<xmax>62</xmax>
			<ymax>108</ymax>
		</bndbox>
	</object>
	<object>
		<name>punctate reticulocyte</name>
		<pose>Unspecified</pose>
		<truncated>0</truncated>
		<difficult>0</difficult>
		<bndbox>
			<xmin>191</xmin>
			<ymin>160</ymin>
			<xmax>241</xmax>
			<ymax>209</ymax>
		</bndbox>
	</object>
</annotation>
