<annotation>
	<folder>images</folder>
	<filename>000929.jpg</filename>
	<path>/home/vini/Desktop/data_300x300/images/000929.jpg</path>
	<source>
		<database>Unknown</database>
	</source>
	<size>
		<width>300</width>
		<height>300</height>
		<depth>3</depth>
	</size>
	<segmented>0</segmented>
	<object>
		<name>aggregate reticulocyte</name>
		<pose>Unspecified</pose>
		<truncated>0</truncated>
		<difficult>0</difficult>
		<bndbox>
			<xmin>210</xmin>
			<ymin>199</ymin>
			<xmax>264</xmax>
			<ymax>252</ymax>
		</bndbox>
	</object>
	<object>
		<name>punctate reticulocyte</name>
		<pose>Unspecified</pose>
		<truncated>0</truncated>
		<difficult>0</difficult>
		<bndbox>
			<xmin>157</xmin>
			<ymin>228</ymin>
			<xmax>212</xmax>
			<ymax>286</ymax>
		</bndbox>
	</object>
</annotation>
