<annotation>
	<folder>images</folder>
	<filename>000912.jpg</filename>
	<path>/home/vini/Desktop/data_300x300/images/000912.jpg</path>
	<source>
		<database>Unknown</database>
	</source>
	<size>
		<width>300</width>
		<height>300</height>
		<depth>3</depth>
	</size>
	<segmented>0</segmented>
	<object>
		<name>punctate reticulocyte</name>
		<pose>Unspecified</pose>
		<truncated>0</truncated>
		<difficult>0</difficult>
		<bndbox>
			<xmin>121</xmin>
			<ymin>52</ymin>
			<xmax>190</xmax>
			<ymax>116</ymax>
		</bndbox>
	</object>
	<object>
		<name>erythrocyte</name>
		<pose>Unspecified</pose>
		<truncated>0</truncated>
		<difficult>0</difficult>
		<bndbox>
			<xmin>192</xmin>
			<ymin>76</ymin>
			<xmax>258</xmax>
			<ymax>144</ymax>
		</bndbox>
	</object>
	<object>
		<name>erythrocyte</name>
		<pose>Unspecified</pose>
		<truncated>0</truncated>
		<difficult>0</difficult>
		<bndbox>
			<xmin>66</xmin>
			<ymin>197</ymin>
			<xmax>135</xmax>
			<ymax>257</ymax>
		</bndbox>
	</object>
</annotation>
