<annotation>
	<folder>images</folder>
	<filename>000950.jpg</filename>
	<path>/home/vini/Desktop/data_300x300/images/000950.jpg</path>
	<source>
		<database>Unknown</database>
	</source>
	<size>
		<width>300</width>
		<height>300</height>
		<depth>3</depth>
	</size>
	<segmented>0</segmented>
	<object>
		<name>punctate reticulocyte</name>
		<pose>Unspecified</pose>
		<truncated>0</truncated>
		<difficult>0</difficult>
		<bndbox>
			<xmin>111</xmin>
			<ymin>118</ymin>
			<xmax>160</xmax>
			<ymax>167</ymax>
		</bndbox>
	</object>
	<object>
		<name>punctate reticulocyte</name>
		<pose>Unspecified</pose>
		<truncated>0</truncated>
		<difficult>0</difficult>
		<bndbox>
			<xmin>161</xmin>
			<ymin>122</ymin>
			<xmax>208</xmax>
			<ymax>173</ymax>
		</bndbox>
	</object>
</annotation>
